astecid,date,cusip,isin,tradingsymbol,utilizationpercentunits,availableunits,availablemarketvalueusd
100258,2018-07-31,037833100,US0378331005,AAPL,0.0,633330098.0,120494978201.3066
100258,2014-04-01,037833100,US0378331005,AAPL,0.3,83623302.0,44943770373.0768
100258,2014-04-02,037833100,US0378331005,AAPL,0.24,83862248.0,45403822758.072
100258,2014-04-03,037833100,US0378331005,AAPL,0.24,83914183.0,45477438635.9952
100258,2014-04-04,037833100,US0378331005,AAPL,0.24,81553046.0,43862727222.1363
100258,2014-04-07,037833100,US0378331005,AAPL,0.25,83001093.0,44086777629.8261
100258,2014-04-08,037833100,US0378331005,AAPL,0.27,83041611.0,43522157090.564
100258,2014-04-09,037833100,US0378331005,AAPL,0.24,83123783.0,43591833740.55
100258,2014-04-10,037833100,US0378331005,AAPL,0.31,83133161.0,43963149658.7236
100258,2014-04-11,037833100,US0378331005,AAPL,0.34,83071252.0,43473069932.2659
100258,2014-04-14,037833100,US0378331005,AAPL,0.31,82780400.0,43062279585.775
100258,2014-04-15,037833100,US0378331005,AAPL,0.39,83084180.0,43286509681.1475
100258,2014-04-16,037833100,US0378331005,AAPL,0.38,83006549.0,43029786430.2294
100258,2014-04-17,037833100,US0378331005,AAPL,0.29,83240766.0,43266623590.335
100258,2014-04-18,037833100,US0378331005,AAPL,0.3,83158815.0,43588376221.972
100258,2014-04-21,037833100,US0378331005,AAPL,0.38,83329094.0,43823787572.0565
100258,2014-04-22,037833100,US0378331005,AAPL,0.21,76477210.0,40590102269.3856
100258,2014-04-23,037833100,US0378331005,AAPL,1.33,76787432.0,40741625145.0178
100258,2014-04-24,037833100,US0378331005,AAPL,1.19,76682065.0,40794425406.0559
100258,2014-04-25,037833100,US0378331005,AAPL,1.16,76867662.0,43438697408.0052
100258,2014-04-28,037833100,US0378331005,AAPL,1.17,76911434.0,44249958205.9206
100258,2014-04-29,037833100,US0378331005,AAPL,1.65,77145910.0,45674283057.1572
100258,2014-04-30,037833100,US0378331005,AAPL,1.26,77591110.0,45943596481.0418
100258,2014-05-01,037833100,US0378331005,AAPL,1.22,78172947.0,46159803406.6115
100258,2014-05-02,037833100,US0378331005,AAPL,1.45,76739097.0,45396104866.7855
100258,2014-05-05,037833100,US0378331005,AAPL,1.44,77156376.0,45809543250.3235
100258,2014-05-06,037833100,US0378331005,AAPL,1.73,71067555.0,42571499407.9399
100258,2014-05-07,037833100,US0378331005,AAPL,1.68,76386943.0,45419606206.0474
100258,2014-05-08,037833100,US0378331005,AAPL,1.59,76544518.0,45302453290.042
100258,2014-05-09,037833100,US0378331005,AAPL,1.6,76188073.0,44791014410.1369
100258,2014-05-12,037833100,US0378331005,AAPL,1.87,76441823.0,44862371532.6039
100258,2014-05-13,037833100,US0378331005,AAPL,1.47,77143438.0,45599551009.3914
100258,2014-05-14,037833100,US0378331005,AAPL,1.43,76551581.0,45435589961.5094
100258,2014-05-15,037833100,US0378331005,AAPL,1.12,77272458.0,45828168891.9087
100258,2014-05-16,037833100,US0378331005,AAPL,0.95,77423030.0,45745675473.3414
100258,2014-05-19,037833100,US0378331005,AAPL,0.96,77600031.0,46398111811.2604
100258,2014-05-20,037833100,US0378331005,AAPL,1.43,78204591.0,47237204352.727
100258,2014-05-21,037833100,US0378331005,AAPL,1.13,78098705.0,47244946488.0164
100258,2014-05-22,037833100,US0378331005,AAPL,0.85,78030794.0,47305502582.002
100258,2014-05-23,037833100,US0378331005,AAPL,1.05,77998575.0,47418706669.2766
100258,2014-05-26,037833100,US0378331005,AAPL,1.24,77982537.0,47817444702.9132
100258,2014-05-27,037833100,US0378331005,AAPL,0.73,77542072.0,47758419830.5079
100258,2014-05-28,037833100,US0378331005,AAPL,0.74,77539600.0,48421379567.8852
100258,2014-05-29,037833100,US0378331005,AAPL,0.68,76981198.0,48183280629.6158
100258,2014-05-30,037833100,US0378331005,AAPL,0.53,77245385.0,48977267571.7804
100258,2014-06-02,037833100,US0378331005,AAPL,0.68,77317425.0,48904491282.623
100258,2014-06-03,037833100,US0378331005,AAPL,0.52,76910044.0,48480640821.514
100258,2014-06-04,037833100,US0378331005,AAPL,0.75,76830449.0,49015639703.688
100258,2014-06-05,037833100,US0378331005,AAPL,0.78,76827352.0,49525221429.9652
100258,2014-06-06,037833100,US0378331005,AAPL,0.66,76826023.0,49637575518.728
100258,2014-06-09,037833100,US0378331005,AAPL,0.81,76486621.0,47412931116.81
100258,2014-06-10,037833100,US0378331005,AAPL,0.9,86439543.0,30254306895.7028
100258,2014-06-11,037833100,US0378331005,AAPL,2.5,87828264.0,27330975717.2292
100258,2014-06-12,037833100,US0378331005,AAPL,1.03,389629227.0,90155244190.7212
100258,2014-06-13,037833100,US0378331005,AAPL,0.63,482068062.0,67771595770.7759
100258,2014-06-16,037833100,US0378331005,AAPL,0.83,517861405.0,70962476701.3664
100258,2014-06-17,037833100,US0378331005,AAPL,0.75,526960019.0,72303593675.207
100258,2014-06-18,037833100,US0378331005,AAPL,0.4,527924326.0,48623121705.3856
100258,2014-06-19,037833100,US0378331005,AAPL,0.73,527222497.0,48571291663.9856
100258,2014-06-20,037833100,US0378331005,AAPL,0.32,537811999.0,49324063860.1634
100258,2014-06-23,037833100,US0378331005,AAPL,0.22,538726799.0,49024191109.425
100258,2014-06-24,037833100,US0378331005,AAPL,0.22,536834495.0,48718546111.9892
100258,2014-06-25,037833100,US0378331005,AAPL,0.02,537441641.0,48549213125.992
100258,2014-06-26,037833100,US0378331005,AAPL,0.09,537438204.0,48603796877.632
100258,2014-06-27,037833100,US0378331005,AAPL,0.12,536068929.0,48811308904.822
100258,2014-06-30,037833100,US0378331005,AAPL,0.04,534557299.0,49201804703.45
100258,2014-10-01,037833100,US0378331005,AAPL,0.09,525051165.0,52747443426.7652
100258,2014-10-02,037833100,US0378331005,AAPL,0.14,526001948.0,52288742323.8096
100258,2014-10-03,037833100,US0378331005,AAPL,0.08,525593143.0,52454819168.4007
100258,2014-10-06,037833100,US0378331005,AAPL,0.06,524692702.0,52280030261.992
100258,2014-10-07,037833100,US0378331005,AAPL,0.02,525078491.0,52235154509.4969
100258,2014-10-08,037833100,US0378331005,AAPL,0.05,525010410.0,52044513195.6901
100258,2014-10-09,037833100,US0378331005,AAPL,0.02,523974581.0,52752764671.6846
100258,2014-10-10,037833100,US0378331005,AAPL,0.02,525559630.0,53058941272.4748
100258,2014-10-13,037833100,US0378331005,AAPL,0.02,525432234.0,52912883735.8458
100258,2014-10-14,037833100,US0378331005,AAPL,0.25,525675716.0,52459163679.8122
100258,2014-10-15,037833100,US0378331005,AAPL,0.09,526067126.0,51894487330.098
100258,2014-10-16,037833100,US0378331005,AAPL,0.04,526545140.0,51305417413.4883
100258,2014-10-17,037833100,US0378331005,AAPL,0.04,526553933.0,50855649988.2965
100258,2014-10-20,037833100,US0378331005,AAPL,0.04,524513657.0,51350787572.3972
100258,2014-10-21,037833100,US0378331005,AAPL,0.03,523731167.0,52383277798.7247
100258,2014-10-22,037833100,US0378331005,AAPL,0.05,523046489.0,53533881123.6448
100258,2014-10-23,037833100,US0378331005,AAPL,0.11,526081232.0,54307315896.1948
100258,2014-10-24,037833100,US0378331005,AAPL,0.08,526552886.0,55160758381.1332
100258,2014-10-27,037833100,US0378331005,AAPL,0.04,527462679.0,55433222325.3584
100258,2014-10-28,037833100,US0378331005,AAPL,0.03,527336821.0,55562710913.8779
100258,2014-10-29,037833100,US0378331005,AAPL,0.03,527658221.0,56307718768.874
100258,2014-10-30,037833100,US0378331005,AAPL,0.06,526039297.0,56413599727.4041
100258,2014-10-31,037833100,US0378331005,AAPL,0.05,521770108.0,55913050258.1187
100258,2014-11-03,037833100,US0378331005,AAPL,0.05,521282080.0,56370181713.7135
100258,2014-11-04,037833100,US0378331005,AAPL,0.07,517041025.0,56448182496.6068
100258,2014-11-05,037833100,US0378331005,AAPL,0.07,515635278.0,56049246287.4204
100258,2014-11-06,037833100,US0378331005,AAPL,0.05,515740155.0,56120842685.9698
100258,2014-11-07,037833100,US0378331005,AAPL,0.05,518977947.0,56442746385.8004
100258,2014-11-10,037833100,US0378331005,AAPL,0.52,517253491.0,56360004849.1452
100258,2014-11-11,037833100,US0378331005,AAPL,0.52,519879568.0,56656863038.9152
100258,2014-11-12,037833100,US0378331005,AAPL,0.04,520392572.0,57035853373.4852
100258,2014-11-13,037833100,US0378331005,AAPL,0.06,522164585.0,58155042479.8664
100258,2014-11-14,037833100,US0378331005,AAPL,0.06,520890209.0,58647284540.6625
100258,2014-11-17,037833100,US0378331005,AAPL,0.12,521044875.0,59426435659.0936
100258,2014-11-18,037833100,US0378331005,AAPL,0.08,565875980.0,64646458837.6048
100258,2014-11-19,037833100,US0378331005,AAPL,0.09,566596927.0,65146592420.2414
100258,2014-11-20,037833100,US0378331005,AAPL,0.1,565246190.0,64915044053.998
100258,2014-11-21,037833100,US0378331005,AAPL,0.1,565882920.0,65676161311.142
100258,2014-11-24,037833100,US0378331005,AAPL,0.14,565611042.0,66033341978.0368
100258,2014-11-25,037833100,US0378331005,AAPL,0.19,564684980.0,66810422773.869
100258,2014-11-26,037833100,US0378331005,AAPL,0.36,565025450.0,66595317409.8415
100258,2014-11-27,037833100,US0378331005,AAPL,0.36,565296608.0,67020062076.0344
100258,2014-11-28,037833100,US0378331005,AAPL,0.33,564427719.0,67161177898.8772
100258,2014-12-01,037833100,US0378331005,AAPL,0.31,564864842.0,66829651436.8348
100258,2014-12-02,037833100,US0378331005,AAPL,0.31,567602015.0,65427029085.9008
100258,2014-12-03,037833100,US0378331005,AAPL,0.32,568584855.0,65277544853.1376
100258,2014-12-04,037833100,US0378331005,AAPL,0.37,569395660.0,65925373097.0692
100258,2014-12-05,037833100,US0378331005,AAPL,0.37,568697802.0,65657476029.3634
100258,2014-12-08,037833100,US0378331005,AAPL,0.44,555524532.0,63703980288.3304
100258,2014-12-09,037833100,US0378331005,AAPL,0.35,568718486.0,64154595759.1801
100258,2014-12-10,037833100,US0378331005,AAPL,0.27,564534492.0,64194328386.8654
100258,2014-12-11,037833100,US0378331005,AAPL,0.03,565145709.0,63323803576.9176
100258,2014-12-12,037833100,US0378331005,AAPL,0.03,564106176.0,62823859479.7232
100258,2014-12-15,037833100,US0378331005,AAPL,0.02,563903970.0,61831678636.008
100258,2014-12-16,037833100,US0378331005,AAPL,0.18,563282334.0,60904246271.1552
100258,2014-12-17,037833100,US0378331005,AAPL,0.1,563826168.0,60445269371.1427
100258,2014-12-18,037833100,US0378331005,AAPL,0.19,564448781.0,61903673270.5516
100258,2014-12-19,037833100,US0378331005,AAPL,0.12,559173185.0,62710206083.4368
100258,2014-12-22,037833100,US0378331005,AAPL,0.06,548533185.0,61428873369.8504
100258,2014-12-23,037833100,US0378331005,AAPL,0.0,547900121.0,61809284595.2144
100258,2014-12-24,037833100,US0378331005,AAPL,0.03,548124277.0,61660610700.8085
100258,2014-12-25,037833100,US0378331005,AAPL,0.03,547536447.0,61519366567.0829
100258,2014-12-26,037833100,US0378331005,AAPL,0.05,548052751.0,61537187864.3029
100258,2014-12-29,037833100,US0378331005,AAPL,0.04,530933359.0,60443026127.9632
100258,2014-12-30,037833100,US0378331005,AAPL,0.04,529352017.0,60195812692.404
100258,2014-12-31,037833100,US0378331005,AAPL,0.03,529060203.0,59765126730.824
100258,2016-01-01,037833100,US0378331005,AAPL,0.14,490639768.0,52173071067.2098
100258,2016-01-04,037833100,US0378331005,AAPL,0.16,490412425.0,51637080943.8066
100258,2016-01-05,037833100,US0378331005,AAPL,0.14,490454486.0,51498635271.0528
100258,2016-01-06,037833100,US0378331005,AAPL,0.17,490782699.0,50373335885.2332
100258,2016-01-07,037833100,US0378331005,AAPL,0.22,492921182.0,49438104452.7244
100258,2016-01-08,037833100,US0378331005,AAPL,0.18,492415998.0,47712225746.2167
100258,2016-01-11,037833100,US0378331005,AAPL,0.19,491059199.0,47712903682.5805
100258,2016-01-12,037833100,US0378331005,AAPL,0.17,481553270.0,47512662062.0688
100258,2016-01-13,037833100,US0378331005,AAPL,0.26,493346042.0,49126551887.8164
100258,2016-01-14,037833100,US0378331005,AAPL,0.15,490642897.0,48036837265.7585
100258,2016-01-15,037833100,US0378331005,AAPL,0.13,490052166.0,48508302250.3104
100258,2016-01-18,037833100,US0378331005,AAPL,0.13,489701397.0,47679254066.0256
100258,2016-01-19,037833100,US0378331005,AAPL,0.27,488521050.0,47431781994.4243
100258,2016-01-20,037833100,US0378331005,AAPL,0.2,488075730.0,47217073755.2382
100258,2016-01-21,037833100,US0378331005,AAPL,0.44,487144412.0,47147192355.919
100258,2016-01-22,037833100,US0378331005,AAPL,0.27,485478051.0,47150922510.6617
100258,2016-01-25,037833100,US0378331005,AAPL,0.23,487351613.0,49058497830.4742
100258,2016-01-26,037833100,US0378331005,AAPL,0.16,486162737.0,48467443563.4881
100258,2016-01-27,037833100,US0378331005,AAPL,0.08,488582830.0,48411636705.625
100258,2016-01-28,037833100,US0378331005,AAPL,0.11,486615468.0,45774505332.7156
100258,2016-01-29,037833100,US0378331005,AAPL,0.12,483115049.0,45652064700.3049
100258,2016-02-01,037833100,US0378331005,AAPL,0.22,484895786.0,47019257410.5752
100258,2016-02-02,037833100,US0378331005,AAPL,0.27,487713047.0,46944016600.8044
100258,2016-02-03,037833100,US0378331005,AAPL,0.25,487184029.0,46234583087.2372
100258,2016-02-04,037833100,US0378331005,AAPL,0.22,487134964.0,46890460992.9294
100258,2016-02-05,037833100,US0378331005,AAPL,0.38,493167543.0,47468416852.5695
100258,2016-02-08,037833100,US0378331005,AAPL,0.41,493072239.0,46538198198.6389
100258,2016-02-09,037833100,US0378331005,AAPL,0.06,491245292.0,46644609730.7698
100258,2016-02-10,037833100,US0378331005,AAPL,0.04,489037383.0,46418281601.1555
100258,2016-02-11,037833100,US0378331005,AAPL,0.06,480213187.0,45258153417.2154
100258,2016-02-12,037833100,US0378331005,AAPL,0.2,481210544.0,45140857341.6486
100258,2016-02-15,037833100,US0378331005,AAPL,0.2,491853040.0,46228744508.0088
100258,2016-02-16,037833100,US0378331005,AAPL,0.12,487065668.0,45953029011.5857
100258,2016-02-17,037833100,US0378331005,AAPL,0.12,486469549.0,47013631252.4636
100258,2016-02-18,037833100,US0378331005,AAPL,0.05,487326554.0,47644973729.417
100258,2016-02-19,037833100,US0378331005,AAPL,0.1,489171619.0,47148538723.4518
100258,2016-02-22,037833100,US0378331005,AAPL,0.1,490756292.0,47204180038.327
100258,2016-02-23,037833100,US0378331005,AAPL,0.04,491595702.0,47480353723.2623
100258,2016-02-24,037833100,US0378331005,AAPL,0.03,487909066.0,46400711403.7128
100258,2016-02-25,037833100,US0378331005,AAPL,0.07,477348112.0,45913678373.8141
100258,2016-02-26,037833100,US0378331005,AAPL,0.13,488777513.0,47283744492.7111
100258,2016-02-29,037833100,US0378331005,AAPL,0.12,476800287.0,46212225858.3184
100258,2016-03-01,037833100,US0378331005,AAPL,0.13,489179792.0,47594063572.6444
100258,2016-03-02,037833100,US0378331005,AAPL,0.13,487381549.0,48871048450.022
100258,2016-03-03,037833100,US0378331005,AAPL,0.1,489287068.0,49343953302.1612
100258,2016-03-04,037833100,US0378331005,AAPL,0.08,490144116.0,49838483421.1468
100258,2016-03-07,037833100,US0378331005,AAPL,0.15,486163666.0,49938154576.209
100258,2016-03-08,037833100,US0378331005,AAPL,0.17,486768700.0,49565063895.6488
100258,2016-03-09,037833100,US0378331005,AAPL,0.23,486602710.0,49200419690.7158
100258,2016-03-10,037833100,US0378331005,AAPL,0.16,486936014.0,49238718909.803
100258,2016-03-11,037833100,US0378331005,AAPL,0.24,486810535.0,49333197419.2198
100258,2016-03-14,037833100,US0378331005,AAPL,0.26,488792962.0,49964092235.5267
100258,2016-03-15,037833100,US0378331005,AAPL,0.25,490814712.0,50464915574.0743
100258,2016-03-16,037833100,US0378331005,AAPL,0.38,490628490.0,51346286763.072
100258,2016-03-17,037833100,US0378331005,AAPL,0.29,491087687.0,51976220943.5632
100258,2016-03-18,037833100,US0378331005,AAPL,0.24,490236089.0,51886272888.0847
100258,2016-03-21,037833100,US0378331005,AAPL,0.23,490200351.0,51916206472.0337
100258,2016-03-22,037833100,US0378331005,AAPL,0.19,489872723.0,51944518892.2276
100258,2016-03-23,037833100,US0378331005,AAPL,0.17,489916876.0,52209534562.7744
100258,2016-03-24,037833100,US0378331005,AAPL,0.05,488961608.0,51886111713.9344
100258,2016-03-25,037833100,US0378331005,AAPL,0.05,487841461.0,51575280547.7084
100258,2016-03-28,037833100,US0378331005,AAPL,0.08,489795463.0,51720042040.0796
100258,2016-03-29,037833100,US0378331005,AAPL,0.02,491302945.0,51889753935.9844
100258,2016-03-30,037833100,US0378331005,AAPL,0.02,490223628.0,52837939940.3509
100258,2016-03-31,037833100,US0378331005,AAPL,0.03,489611770.0,53532768578.982
100258,2016-04-01,037833100,US0378331005,AAPL,0.06,490658709.0,53574476268.3798
100258,2016-04-04,037833100,US0378331005,AAPL,0.17,491479150.0,54107455328.7942
100258,2016-04-05,037833100,US0378331005,AAPL,0.06,491555658.0,54480419492.2957
100258,2016-04-06,037833100,US0378331005,AAPL,0.02,489792698.0,53919729329.9085
100258,2016-04-07,037833100,US0378331005,AAPL,0.17,491858681.0,54348198670.9153
100258,2016-04-08,037833100,US0378331005,AAPL,0.01,489696353.0,53249931530.583
100258,2016-04-11,037833100,US0378331005,AAPL,0.0,480143399.0,52196431258.0075
100258,2016-04-12,037833100,US0378331005,AAPL,0.08,479215850.0,52341881403.1324
100258,2016-04-13,037833100,US0378331005,AAPL,0.07,479136940.0,52985491673.4462
100258,2016-04-14,037833100,US0378331005,AAPL,0.09,493503350.0,55232184896.2878
100258,2016-04-15,037833100,US0378331005,AAPL,0.09,492666975.0,55051396593.9336
100258,2016-04-18,037833100,US0378331005,AAPL,0.16,493113096.0,53988424865.2768
100258,2016-04-19,037833100,US0378331005,AAPL,0.11,493106575.0,53043005965.8
100258,2016-04-20,037833100,US0378331005,AAPL,0.06,492619481.0,52705530095.0675
100258,2016-04-21,037833100,US0378331005,AAPL,0.03,492875340.0,52703679670.8568
100258,2016-04-22,037833100,US0378331005,AAPL,0.04,503518892.0,53377275058.9596
100258,2016-04-25,037833100,US0378331005,AAPL,0.12,507364823.0,53623561294.3072
100258,2016-04-26,037833100,US0378331005,AAPL,0.11,507525317.0,53299487919.9834
100258,2016-04-27,037833100,US0378331005,AAPL,0.11,504574958.0,52195798877.1581
100258,2016-04-28,037833100,US0378331005,AAPL,0.09,502733830.0,49185147703.2701
100258,2016-04-29,037833100,US0378331005,AAPL,0.05,500583951.0,47495610279.5358
100258,2016-05-02,037833100,US0378331005,AAPL,0.14,504282584.0,47305946130.4076
100258,2016-05-03,037833100,US0378331005,AAPL,0.02,501743920.0,47107148132.1028
100258,2016-05-04,037833100,US0378331005,AAPL,0.03,505629631.0,47990055997.2686
100258,2016-05-05,037833100,US0378331005,AAPL,0.01,506413379.0,47660159874.4348
100258,2016-05-06,037833100,US0378331005,AAPL,0.12,510316580.0,47575019125.5079
100258,2016-05-09,037833100,US0378331005,AAPL,0.89,511805458.0,47479664962.4784
100258,2016-05-10,037833100,US0378331005,AAPL,0.12,513242292.0,47708759461.2118
100258,2016-05-11,037833100,US0378331005,AAPL,0.11,513127980.0,47877149786.1604
100258,2016-05-12,037833100,US0378331005,AAPL,0.11,512751005.0,47480629074.0232
100258,2016-05-13,037833100,US0378331005,AAPL,0.11,511166508.0,46315404917.9711
100258,2016-05-16,037833100,US0378331005,AAPL,0.13,509767742.0,46432356338.0638
100258,2016-05-17,037833100,US0378331005,AAPL,0.14,509008138.0,47654801734.106
100258,2016-05-18,037833100,US0378331005,AAPL,0.06,509097518.0,47711241495.5816
100258,2016-05-19,037833100,US0378331005,AAPL,0.11,510664625.0,48244886266.1517
100258,2016-05-20,037833100,US0378331005,AAPL,0.11,505274474.0,47685980209.1385
100258,2016-05-23,037833100,US0378331005,AAPL,0.21,509423556.0,48568489502.2429
100258,2016-05-24,037833100,US0378331005,AAPL,0.18,508141282.0,49070287228.3383
100258,2016-05-25,037833100,US0378331005,AAPL,0.23,507607978.0,49770276104.5132
100258,2016-05-26,037833100,US0378331005,AAPL,0.17,501405049.0,49938877361.2836
100258,2016-05-27,037833100,US0378331005,AAPL,0.17,501012589.0,50273304424.6908
100258,2016-05-30,037833100,US0378331005,AAPL,0.17,500830464.0,50260493984.0628
100258,2016-05-31,037833100,US0378331005,AAPL,4.16,497539626.0,49894615174.4565
100258,2016-06-01,037833100,US0378331005,AAPL,3.12,497617914.0,49612681937.1804
100258,2016-06-02,037833100,US0378331005,AAPL,2.06,497387480.0,48975642561.9069
100258,2016-06-03,037833100,US0378331005,AAPL,1.96,497438591.0,48652736083.3408
100258,2016-06-06,037833100,US0378331005,AAPL,1.67,499769793.0,48983355537.6628
100258,2016-06-07,037833100,US0378331005,AAPL,1.42,499396208.0,49260101082.1541
100258,2016-06-08,037833100,US0378331005,AAPL,1.22,498508143.0,49346475827.0763
100258,2016-06-09,037833100,US0378331005,AAPL,1.19,498642774.0,49392486954.8864
100258,2016-06-10,037833100,US0378331005,AAPL,1.16,498959494.0,49636912119.8532
100258,2016-06-13,037833100,US0378331005,AAPL,1.22,499450491.0,49284265274.7996
100258,2016-06-14,037833100,US0378331005,AAPL,1.23,499371496.0,48677084255.862
100258,2016-06-15,037833100,US0378331005,AAPL,1.58,498746314.0,48594463707.5979
100258,2016-06-16,037833100,US0378331005,AAPL,1.34,498756909.0,48487200203.4326
100258,2016-06-17,037833100,US0378331005,AAPL,1.42,497021247.0,48311237977.0334
100258,2016-06-20,037833100,US0378331005,AAPL,1.53,495995034.0,47359856316.1224
100258,2016-06-21,037833100,US0378331005,AAPL,1.65,495088345.0,47151984875.7472
100258,2016-06-22,037833100,US0378331005,AAPL,1.49,494853974.0,47409199818.9625
100258,2016-06-23,037833100,US0378331005,AAPL,1.53,495183825.0,47369683772.2133
100258,2016-06-24,037833100,US0378331005,AAPL,1.23,495959263.0,47449657633.1385
100258,2016-06-27,037833100,US0378331005,AAPL,1.28,492820198.0,46033569690.5515
100258,2016-06-28,037833100,US0378331005,AAPL,1.05,494336324.0,45661154663.457
100258,2016-06-29,037833100,US0378331005,AAPL,0.67,497287265.0,46546528399.805
100258,2016-06-30,037833100,US0378331005,AAPL,0.62,497668536.0,46966534109.0391
100258,2015-07-01,037833100,US0378331005,AAPL,0.04,567804035.7294,71265604472.533
100258,2015-07-02,037833100,US0378331005,AAPL,0.16,567028634.7294,71715770624.265
100258,2015-07-03,037833100,US0378331005,AAPL,0.16,566717430.7294,71661282928.2088
100258,2015-07-06,037833100,US0378331005,AAPL,0.09,566000059.7294,71526190315.9208
100258,2015-07-07,037833100,US0378331005,AAPL,0.03,565892652.4124,71302726292.6545
100258,2015-07-08,037833100,US0378331005,AAPL,0.03,566135417.0958,70954893613.0258
100258,2015-07-09,037833100,US0378331005,AAPL,0.14,566841099.6243,69542591149.7875
100258,2015-07-10,037833100,US0378331005,AAPL,0.16,532426689.842,64274169894.8691
100258,2015-07-13,037833100,US0378331005,AAPL,0.14,533459302.1274,65711740253.7056
100258,2015-07-14,037833100,US0378331005,AAPL,0.1,533371342.1307,66926082564.8648
100258,2015-07-15,037833100,US0378331005,AAPL,0.0,532684471.7947,67002476962.2807
100258,2015-07-16,037833100,US0378331005,AAPL,0.04,532511843.6587,67606056855.9848
100258,2015-07-17,037833100,US0378331005,AAPL,0.05,531982282.3378,68380902265.0667
100258,2015-07-20,037833100,US0378331005,AAPL,0.04,531475835.8051,69018570314.7302
100258,2015-07-21,037833100,US0378331005,AAPL,0.02,529334458.6327,69717200235.674
100258,2015-07-22,037833100,US0378331005,AAPL,0.2,529137369.6616,68850141239.1033
100258,2015-07-23,037833100,US0378331005,AAPL,0.18,528139601.6966,66353089101.2607
100258,2015-07-24,037833100,US0378331005,AAPL,0.17,530123827.9766,66308466011.4025
100258,2015-07-27,037833100,US0378331005,AAPL,0.23,532287602.246,66177901544.7706
100258,2015-07-28,037833100,US0378331005,AAPL,0.26,532283189.3966,65468705282.3339
100258,2015-07-29,037833100,US0378331005,AAPL,0.22,534424102.4385,65910023780.4034
100258,2015-07-30,037833100,US0378331005,AAPL,0.09,534346462.8314,65696818634.8069
100258,2015-07-31,037833100,US0378331005,AAPL,0.27,531007030.7483,64930776916.8172
100258,2015-08-03,037833100,US0378331005,AAPL,0.11,531341080.9933,64303756842.4198
100258,2015-08-04,037833100,US0378331005,AAPL,0.13,530871852.5233,62729550587.0516
100258,2015-08-05,037833100,US0378331005,AAPL,0.12,529732840.4515,60940985244.5979
100258,2015-08-06,037833100,US0378331005,AAPL,0.11,529139827.8016,61021323468.2656
100258,2015-08-07,037833100,US0378331005,AAPL,0.08,530413741.6641,61117873945.0844
100258,2015-08-10,037833100,US0378331005,AAPL,0.17,531260203.749,61660706812.1437
100258,2015-08-11,037833100,US0378331005,AAPL,0.07,534813650.749,63384304083.5575
100258,2015-08-12,037833100,US0378331005,AAPL,0.0,534046829.0427,60990006530.8458
100258,2015-08-13,037833100,US0378331005,AAPL,0.16,532632242.3726,61317085372.0851
100258,2015-08-14,037833100,US0378331005,AAPL,0.04,531011879.0316,61218518355.6713
100258,2015-08-17,037833100,US0378331005,AAPL,0.05,531631884.2559,61706527641.2864
100258,2015-08-18,037833100,US0378331005,AAPL,0.07,531818554.1142,62221650275.3971
100258,2015-08-19,037833100,US0378331005,AAPL,0.06,531985527.0007,61905073487.1938
100258,2015-08-20,037833100,US0378331005,AAPL,0.03,531760985.2664,61061173342.2441
100258,2015-08-21,037833100,US0378331005,AAPL,0.12,530485623.7243,59353264044.8486
100258,2015-08-24,037833100,US0378331005,AAPL,0.4,521606011.7849,55195385216.5375
100258,2015-08-25,037833100,US0378331005,AAPL,0.3,528387848.7075,54644551648.9211
100258,2015-08-26,037833100,US0378331005,AAPL,0.48,527380085.3631,55107649005.0807
100258,2015-08-27,037833100,US0378331005,AAPL,0.58,526522397.9671,57774339598.1424
100258,2015-08-28,037833100,US0378331005,AAPL,0.43,526072673.7882,59305016111.6446
100258,2015-08-31,037833100,US0378331005,AAPL,0.35,524064945.7882,59320824433.631
100258,2015-09-01,037833100,US0378331005,AAPL,0.7,525077206.2083,58875781925.3998
100258,2015-09-02,037833100,US0378331005,AAPL,0.94,524342593.2083,57072260658.336
100258,2015-09-03,037833100,US0378331005,AAPL,1.57,528030053.5447,58998216018.5075
100258,2015-09-04,037833100,US0378331005,AAPL,1.02,528458692.5447,58550511414.3693
100258,2015-09-07,037833100,US0378331005,AAPL,0.97,528550755.5447,57914842759.9389
100258,2015-09-08,037833100,US0378331005,AAPL,1.01,526634552.9475,57767615248.7358
100258,2015-09-09,037833100,US0378331005,AAPL,1.14,525140814.4624,58712635897.6668
100258,2015-09-10,037833100,US0378331005,AAPL,1.1,521754375.3667,57731765560.0145
100258,2015-09-11,037833100,US0378331005,AAPL,1.04,502623437.2076,56659384058.4366
100258,2015-09-14,037833100,US0378331005,AAPL,0.93,506281954.2076,57834132894.5206
100258,2015-09-15,037833100,US0378331005,AAPL,0.87,507061755.8115,58497293747.7275
100258,2015-09-16,037833100,US0378331005,AAPL,0.9,507615400.6321,59000813661.4122
100258,2015-09-17,037833100,US0378331005,AAPL,1.05,506158025.5848,58749208833.6812
100258,2015-09-18,037833100,US0378331005,AAPL,0.96,503508780.6835,57447194061.29
100258,2015-09-21,037833100,US0378331005,AAPL,0.9,502335048.6835,57157448789.4548
100258,2015-09-22,037833100,US0378331005,AAPL,0.74,503184411.7064,57787375464.112
100258,2015-09-23,037833100,US0378331005,AAPL,0.7,495681113.2891,56352139320.8552
100258,2015-09-24,037833100,US0378331005,AAPL,0.61,501004375.066,57294051689.2864
100258,2015-09-25,037833100,US0378331005,AAPL,0.63,502494940.9235,57752294909.1396
100258,2015-09-28,037833100,US0378331005,AAPL,0.56,506769892.0071,57988365826.8517
100258,2015-09-29,037833100,US0378331005,AAPL,0.4,501253161.0071,56237632806.4282
100258,2015-09-30,037833100,US0378331005,AAPL,0.42,505363758.1251,55386215552.4502
100258,2014-01-01,037833100,US0378331005,AAPL,0.0,81814625.0,45672144893.5782
100258,2014-01-02,037833100,US0378331005,AAPL,0.0,85713958.0,47996715049.4338
100258,2014-01-03,037833100,US0378331005,AAPL,0.0,85898799.0,47419315784.4082
100258,2014-01-06,037833100,US0378331005,AAPL,0.0,85744147.0,46511803777.49
100258,2014-01-07,037833100,US0378331005,AAPL,0.0,85872892.0,46639917579.3048
100258,2014-01-08,037833100,US0378331005,AAPL,0.0,85921128.0,46556432817.1121
100258,2014-01-09,037833100,US0378331005,AAPL,0.0,85880374.0,46560099673.242
100258,2014-01-10,037833100,US0378331005,AAPL,0.0,85966553.0,46128408671.997
100258,2014-01-13,037833100,US0378331005,AAPL,0.04,86162713.0,45977985993.7985
100258,2014-01-14,037833100,US0378331005,AAPL,0.02,86268145.0,46284779693.0944
100258,2014-01-15,037833100,US0378331005,AAPL,0.02,86268145.0,46284779693.0944
100258,2014-01-16,037833100,US0378331005,AAPL,0.04,86463212.0,48074684885.905
100258,2014-01-17,037833100,US0378331005,AAPL,0.04,86530850.0,47854351097.7997
100258,2014-01-20,037833100,US0378331005,AAPL,0.04,86565141.0,46956303951.6649
100258,2014-01-21,037833100,US0378331005,AAPL,0.02,86824645.0,47039828557.5544
100258,2014-01-22,037833100,US0378331005,AAPL,0.02,86766059.0,47609508900.8168
100258,2014-01-23,037833100,US0378331005,AAPL,0.02,86836261.0,47926869223.9224
100258,2014-01-24,037833100,US0378331005,AAPL,0.02,86890667.0,48164859709.684
100258,2014-01-27,037833100,US0378331005,AAPL,0.02,86801121.0,47525895810.7875
100258,2014-01-28,037833100,US0378331005,AAPL,0.02,86910924.0,47306130407.6776
100258,2014-01-29,037833100,US0378331005,AAPL,0.02,86651965.0,44146771474.4768
100258,2014-01-30,037833100,US0378331005,AAPL,0.16,87015970.0,43599930803.9772
100258,2014-01-31,037833100,US0378331005,AAPL,0.12,85863482.0,42928403238.2092
100258,2014-02-03,037833100,US0378331005,AAPL,8.73,86116351.0,43114229689.7444
100258,2014-02-04,037833100,US0378331005,AAPL,5.33,86039099.0,43228516181.3134
100258,2014-02-05,037833100,US0378331005,AAPL,4.04,85774888.0,43631435568.7022
100258,2014-02-06,037833100,US0378331005,AAPL,4.09,85496696.0,43795719118.046
100258,2014-02-07,037833100,US0378331005,AAPL,3.2,85353864.0,43831595963.9238
100258,2014-02-10,037833100,US0378331005,AAPL,3.6,85238128.0,44351817613.6064
100258,2014-02-11,037833100,US0378331005,AAPL,3.22,86070049.0,45547660436.2624
100258,2014-02-12,037833100,US0378331005,AAPL,3.12,86218173.0,46157691091.5812
100258,2014-02-13,037833100,US0378331005,AAPL,2.61,86347091.0,46382282833.1648
100258,2014-02-14,037833100,US0378331005,AAPL,2.6,87477311.0,47487498108.0334
100258,2014-02-17,037833100,US0378331005,AAPL,2.6,87505288.0,47607704853.9734
100258,2014-02-18,037833100,US0378331005,AAPL,1.84,87384359.0,47559557104.9035
100258,2014-02-19,037833100,US0378331005,AAPL,1.7,87292118.0,47536233277.719
100258,2014-02-20,037833100,US0378331005,AAPL,1.46,87154457.0,46826862612.3976
100258,2014-02-21,037833100,US0378331005,AAPL,1.25,86292727.0,45790901282.6377
100258,2014-02-24,037833100,US0378331005,AAPL,1.23,86178037.0,45331340894.399
100258,2014-02-25,037833100,US0378331005,AAPL,1.47,86133298.0,45311817420.7846
100258,2014-02-26,037833100,US0378331005,AAPL,1.51,85829909.0,44790449278.5146
100258,2014-02-27,037833100,US0378331005,AAPL,1.14,85754165.0,44615341028.3578
100258,2014-02-28,037833100,US0378331005,AAPL,0.86,85486584.0,45018997865.7555
100258,2014-03-03,037833100,US0378331005,AAPL,0.71,84717045.0,44611279625.1928
100258,2014-03-04,037833100,US0378331005,AAPL,0.69,85131612.0,44960327201.6876
100258,2014-03-05,037833100,US0378331005,AAPL,0.82,84729193.0,45002340172.4998
100258,2014-03-06,037833100,US0378331005,AAPL,0.75,84884498.0,45163292227.24
100258,2014-03-07,037833100,US0378331005,AAPL,0.74,84581653.0,44897907436.98
100258,2014-03-10,037833100,US0378331005,AAPL,0.56,84668230.0,44919044758.3511
100258,2014-03-11,037833100,US0378331005,AAPL,0.58,84610443.0,44979070313.8778
100258,2014-03-12,037833100,US0378331005,AAPL,0.27,78408948.0,42039203054.8695
100258,2014-03-13,037833100,US0378331005,AAPL,0.25,84631249.0,45341118020.6664
100258,2014-03-14,037833100,US0378331005,AAPL,0.23,84795711.0,44947814970.685
100258,2014-03-17,037833100,US0378331005,AAPL,0.22,84622794.0,44462614967.4854
100258,2014-03-18,037833100,US0378331005,AAPL,0.22,84522641.0,44562819572.7784
100258,2014-03-19,037833100,US0378331005,AAPL,0.2,84311988.0,44771978425.1364
100258,2014-03-20,037833100,US0378331005,AAPL,0.19,84310460.0,44761753527.247
100258,2014-03-21,037833100,US0378331005,AAPL,0.16,84027152.0,44501361214.011
100258,2014-03-24,037833100,US0378331005,AAPL,0.18,84109032.0,44864767000.6598
100258,2014-03-25,037833100,US0378331005,AAPL,0.25,83740527.0,45179617673.6622
100258,2014-03-26,037833100,US0378331005,AAPL,0.21,83532451.0,45426247472.4141
100258,2014-03-27,037833100,US0378331005,AAPL,0.25,83691010.0,45180547168.6905
100258,2014-03-28,037833100,US0378331005,AAPL,0.28,83841021.0,45066969127.652
100258,2014-03-31,037833100,US0378331005,AAPL,0.31,83721377.0,44949071612.1017
100258,2015-10-01,037833100,US0378331005,AAPL,0.48,504880740.3479,55579686212.4949
100258,2015-10-02,037833100,US0378331005,AAPL,0.53,507604364.9708,55719077500.8986
100258,2015-10-05,037833100,US0378331005,AAPL,0.48,507515011.8529,56023075768.0093
100258,2015-10-06,037833100,US0378331005,AAPL,0.38,497336503.6861,55123124290.8291
100258,2015-10-07,037833100,US0378331005,AAPL,0.37,503884227.2923,56035758872.3071
100258,2015-10-08,037833100,US0378331005,AAPL,0.17,507938234.8055,56202580934.7252
100258,2015-10-09,037833100,US0378331005,AAPL,0.12,506149079.5129,55670240751.3761
100258,2015-10-12,037833100,US0378331005,AAPL,0.12,506277616.5129,56593663556.3375
100258,2015-10-13,037833100,US0378331005,AAPL,0.42,505824718.8157,56433638722.7958
100258,2015-10-14,037833100,US0378331005,AAPL,0.3,501402255.6265,55939592791.2079
100258,2015-10-15,037833100,US0378331005,AAPL,0.6,506926714.5649,56051374570.1784
100258,2015-10-16,037833100,US0378331005,AAPL,0.57,507660917.823,56663472662.1106
100258,2015-10-19,037833100,US0378331005,AAPL,0.57,505346610.823,56205525039.3174
100258,2015-10-20,037833100,US0378331005,AAPL,0.37,506631997.1443,56724424066.6456
100258,2015-10-21,037833100,US0378331005,AAPL,0.76,503719436.1778,57231824210.9528
100258,2015-10-22,037833100,US0378331005,AAPL,0.42,501195877.7331,57142324262.271
100258,2015-10-23,037833100,US0378331005,AAPL,0.28,499925415.0,57937708931.915
100258,2015-10-26,037833100,US0378331005,AAPL,0.18,504355147.0,59647344737.307
100258,2015-10-27,037833100,US0378331005,AAPL,0.09,502836682.0,58460048683.1688
100258,2015-10-28,037833100,US0378331005,AAPL,0.16,499424103.0,57567588692.7978
100258,2015-10-29,037833100,US0378331005,AAPL,0.15,499319673.0,59459451295.2972
100258,2015-10-30,037833100,US0378331005,AAPL,0.19,496836397.0,59762632465.5514
100258,2015-11-02,037833100,US0378331005,AAPL,0.34,492327639.0,58992501933.1122
100258,2015-11-03,037833100,US0378331005,AAPL,0.28,492145145.0,59670385947.9805
100258,2015-11-04,037833100,US0378331005,AAPL,0.2,496808091.0,60802366183.5582
100258,2015-11-05,037833100,US0378331005,AAPL,0.16,499428902.0,60881091694.3878
100258,2015-11-06,037833100,US0378331005,AAPL,1.02,488906463.0,59170333087.4748
100258,2015-11-09,037833100,US0378331005,AAPL,0.96,499758737.0,60497634945.8111
100258,2015-11-10,037833100,US0378331005,AAPL,0.06,503437430.0,60466347205.0624
100258,2015-11-11,037833100,US0378331005,AAPL,0.06,503199189.0,58918329058.1964
100258,2015-11-12,037833100,US0378331005,AAPL,0.47,501677627.0,58317225092.3326
100258,2015-11-13,037833100,US0378331005,AAPL,0.36,501474337.0,57810149658.2931
100258,2015-11-16,037833100,US0378331005,AAPL,0.16,501387085.0,56894306062.3445
100258,2015-11-17,037833100,US0378331005,AAPL,0.32,501568902.0,57169200182.4974
100258,2015-11-18,037833100,US0378331005,AAPL,0.36,501179346.0,57250598329.7206
100258,2015-11-19,037833100,US0378331005,AAPL,0.3,501256514.0,58765414667.9405
100258,2015-11-20,037833100,US0378331005,AAPL,0.23,501946242.0,59607121629.84
100258,2015-11-23,037833100,US0378331005,AAPL,0.17,501911138.0,59784411737.079
100258,2015-11-24,037833100,US0378331005,AAPL,0.12,495246405.0,58449935548.9133
100258,2015-11-25,037833100,US0378331005,AAPL,0.11,499683325.0,59291469062.254
100258,2015-11-26,037833100,US0378331005,AAPL,0.11,493570223.0,58286771893.7914
100258,2015-11-27,037833100,US0378331005,AAPL,0.24,493610927.0,58247040060.7278
100258,2015-11-30,037833100,US0378331005,AAPL,0.23,491174899.0,57886460381.8285
100258,2015-12-01,037833100,US0378331005,AAPL,0.16,494913820.0,58500169637.9668
100258,2015-12-02,037833100,US0378331005,AAPL,0.35,489659516.0,57472665330.8174
100258,2015-12-03,037833100,US0378331005,AAPL,0.44,491344602.0,57163071065.8976
100258,2015-12-04,037833100,US0378331005,AAPL,0.37,488054186.0,56547112275.1114
100258,2015-12-07,037833100,US0378331005,AAPL,0.39,478050660.0,56415104380.5732
100258,2015-12-08,037833100,US0378331005,AAPL,0.44,489267213.0,57902327912.9603
100258,2015-12-09,037833100,US0378331005,AAPL,0.33,489192899.0,57672339827.7168
100258,2015-12-10,037833100,US0378331005,AAPL,0.34,488891266.0,56640712782.1529
100258,2015-12-11,037833100,US0378331005,AAPL,0.25,489432103.0,56628420979.0347
100258,2015-12-14,037833100,US0378331005,AAPL,0.3,470198784.0,53323388673.6639
100258,2015-12-15,037833100,US0378331005,AAPL,0.24,468719541.0,52754635868.8626
100258,2015-12-16,037833100,US0378331005,AAPL,0.34,467556375.0,51887601042.8014
100258,2015-12-17,037833100,US0378331005,AAPL,0.37,465277298.0,51829943298.1362
100258,2015-12-18,037833100,US0378331005,AAPL,0.64,463712251.0,50422849006.5441
100258,2015-12-21,037833100,US0378331005,AAPL,0.46,464864879.0,49496953796.0768
100258,2015-12-22,037833100,US0378331005,AAPL,0.29,465467220.0,50023362132.512
100258,2015-12-23,037833100,US0378331005,AAPL,0.33,464897369.0,49961323008.7198
100258,2015-12-24,037833100,US0378331005,AAPL,0.24,465517136.0,50493184914.9511
100258,2015-12-25,037833100,US0378331005,AAPL,0.24,465503404.0,50414149466.3642
100258,2015-12-28,037833100,US0378331005,AAPL,0.19,465557373.0,50218603027.2062
100258,2015-12-29,037833100,US0378331005,AAPL,0.24,465496140.0,49909363251.46
100258,2015-12-30,037833100,US0378331005,AAPL,0.14,490978856.0,53233497953.1572
100258,2015-12-31,037833100,US0378331005,AAPL,0.14,490566453.0,52688386210.0896
100258,2014-07-01,037833100,US0378331005,AAPL,0.02,534162237.0,49648879762.2321
100258,2014-07-02,037833100,US0378331005,AAPL,0.0,535665728.0,50067854968.08
100258,2014-07-03,037833100,US0378331005,AAPL,0.01,536232812.0,50179351747.5482
100258,2014-07-04,037833100,US0378331005,AAPL,0.01,536872101.0,50393393426.1057
100258,2014-07-07,037833100,US0378331005,AAPL,0.01,535544343.0,50518090506.9437
100258,2014-07-08,037833100,US0378331005,AAPL,0.04,534977372.0,51208297764.568
100258,2014-07-09,037833100,US0378331005,AAPL,0.02,534837888.0,51024762097.382
100258,2014-07-10,037833100,US0378331005,AAPL,0.07,535062877.0,51008892266.7199
100258,2014-07-11,037833100,US0378331005,AAPL,0.0,533120879.0,50698425038.7415
100258,2014-07-14,037833100,US0378331005,AAPL,0.01,534671943.0,51005414589.939
100258,2014-07-15,037833100,US0378331005,AAPL,0.0,536690321.0,51620653523.3854
100258,2014-07-16,037833100,US0378331005,AAPL,0.0,536790914.0,51168097878.468
100258,2014-07-17,037833100,US0378331005,AAPL,0.01,537826430.0,50857441635.101
100258,2014-07-18,037833100,US0378331005,AAPL,0.0,538282420.0,50308055934.7241
100258,2014-07-21,037833100,US0378331005,AAPL,0.09,541055492.0,50995450983.7896
100258,2014-07-22,037833100,US0378331005,AAPL,0.06,539538461.0,50771807754.299
100258,2014-07-23,037833100,US0378331005,AAPL,0.02,539625592.0,51296833330.6136
100258,2014-07-24,037833100,US0378331005,AAPL,0.04,540010501.0,52370350051.9196
100258,2014-07-25,037833100,US0378331005,AAPL,0.01,539824680.0,52466718464.5135
100258,2014-07-28,037833100,US0378331005,AAPL,0.01,540972334.0,52890871313.0999
100258,2014-07-29,037833100,US0378331005,AAPL,0.01,542898034.0,53647441347.3852
100258,2014-07-30,037833100,US0378331005,AAPL,0.07,541730078.0,53300456018.8736
100258,2014-07-31,037833100,US0378331005,AAPL,0.18,540414870.0,52992373251.0688
100258,2014-08-01,037833100,US0378331005,AAPL,0.08,536520177.0,51443352923.3973
100258,2014-08-04,037833100,US0378331005,AAPL,0.04,536759619.0,51533087538.103
100258,2014-08-05,037833100,US0378331005,AAPL,0.12,534886167.0,51112641625.097
100258,2014-08-06,037833100,US0378331005,AAPL,0.34,532653649.0,50672398846.18
100258,2014-08-07,037833100,US0378331005,AAPL,0.34,532453728.0,50548913977.84
100258,2014-08-08,037833100,US0378331005,AAPL,0.2,533418733.0,50489485155.6102
100258,2014-08-11,037833100,US0378331005,AAPL,0.37,535180852.0,50796057136.3794
100258,2014-08-12,037833100,US0378331005,AAPL,0.64,539908405.0,51773533310.1788
100258,2014-08-13,037833100,US0378331005,AAPL,0.41,541322540.0,52054827238.0764
100258,2014-08-14,037833100,US0378331005,AAPL,0.42,539237466.0,52405884894.5355
100258,2014-08-15,037833100,US0378331005,AAPL,0.31,538183247.0,52509245511.3955
100258,2014-08-18,037833100,US0378331005,AAPL,0.08,537900765.0,52786715956.159
100258,2014-08-19,037833100,US0378331005,AAPL,0.03,538618618.0,53477074420.8825
100258,2014-08-20,037833100,US0378331005,AAPL,0.04,536981611.0,53931468230.8657
100258,2014-08-21,037833100,US0378331005,AAPL,0.04,536330350.0,53936023238.7857
100258,2014-08-22,037833100,US0378331005,AAPL,0.23,531966927.0,53575872435.39
100258,2014-08-25,037833100,US0378331005,AAPL,0.23,533190395.0,54010724559.258
100258,2014-08-26,037833100,US0378331005,AAPL,0.15,531306137.0,53886620435.024
100258,2014-08-27,037833100,US0378331005,AAPL,0.02,532147798.0,53815425613.2395
100258,2014-08-28,037833100,US0378331005,AAPL,0.06,536477308.0,56831500069.4345
100258,2014-08-29,037833100,US0378331005,AAPL,0.02,535876190.0,56874752189.9625
100258,2014-09-01,037833100,US0378331005,AAPL,0.03,534800145.0,54798754046.58
100258,2014-09-02,037833100,US0378331005,AAPL,2.88,532311443.0,54628907828.0579
100258,2014-09-03,037833100,US0378331005,AAPL,2.11,531451350.0,54523033445.2676
100258,2014-09-04,037833100,US0378331005,AAPL,1.55,531952247.0,52740570129.279
100258,2014-09-05,037833100,US0378331005,AAPL,1.23,529077105.0,52025497599.3496
100258,2014-09-08,037833100,US0378331005,AAPL,0.81,528718065.0,52244642405.2114
100258,2014-09-09,037833100,US0378331005,AAPL,0.83,527417076.0,51869822357.7964
100258,2014-09-10,037833100,US0378331005,AAPL,0.78,519831152.0,51204146866.482
100258,2014-09-11,037833100,US0378331005,AAPL,0.77,526180012.0,52965672623.8368
100258,2014-09-12,037833100,US0378331005,AAPL,0.75,526068924.0,53364338643.59
100258,2014-09-15,037833100,US0378331005,AAPL,0.39,527132015.0,53576717556.163
100258,2014-09-16,037833100,US0378331005,AAPL,0.37,526686351.0,53465537895.3118
100258,2014-09-17,037833100,US0378331005,AAPL,0.08,525843133.0,53128198942.2178
100258,2014-09-18,037833100,US0378331005,AAPL,0.14,524818273.0,53227762405.828
100258,2014-09-19,037833100,US0378331005,AAPL,0.02,524069917.0,53257217581.3981
100258,2014-09-22,037833100,US0378331005,AAPL,0.25,522249311.0,52766756776.018
100258,2014-09-23,037833100,US0378331005,AAPL,0.22,521782655.0,52853786105.2889
100258,2014-09-24,037833100,US0378331005,AAPL,0.39,520967090.0,53181421798.0255
100258,2014-09-25,037833100,US0378331005,AAPL,0.05,519748716.0,52609049405.2956
100258,2014-09-26,037833100,US0378331005,AAPL,0.02,519441706.0,51251904945.821
100258,2014-09-29,037833100,US0378331005,AAPL,0.01,519167236.0,51855125655.6556
100258,2014-09-30,037833100,US0378331005,AAPL,0.05,519954100.0,51907474132.7786
100258,2017-04-03,037833100,US0378331005,AAPL,0.11,602403971.0,86567360715.4406
100258,2017-04-04,037833100,US0378331005,AAPL,0.12,599996230.0,86364897923.9362
100258,2017-04-05,037833100,US0378331005,AAPL,0.1,599582790.0,86742213605.2559
100258,2017-04-06,037833100,US0378331005,AAPL,0.07,599386024.0,86354240801.3518
100258,2017-04-07,037833100,US0378331005,AAPL,0.03,598988034.0,86048271754.03
100258,2017-04-10,037833100,US0378331005,AAPL,0.03,599073587.0,85890825577.301
100258,2017-04-11,037833100,US0378331005,AAPL,0.0,601544257.0,86049905576.6138
100258,2017-04-12,037833100,US0378331005,AAPL,0.0,601768029.0,85364408071.5252
100258,2017-04-13,037833100,US0378331005,AAPL,0.07,601789136.0,85339199206.2306
100258,2017-04-14,037833100,US0378331005,AAPL,0.07,596247004.0,84277838406.3301
100258,2017-04-17,037833100,US0378331005,AAPL,0.05,600502023.0,84884191913.964
100258,2017-04-18,037833100,US0378331005,AAPL,0.05,604171920.0,85569644326.6131
100258,2017-04-19,037833100,US0378331005,AAPL,0.05,603945680.0,85336729842.3782
100258,2017-04-20,037833100,US0378331005,AAPL,0.04,603449758.0,85089820735.9978
100258,2017-04-21,037833100,US0378331005,AAPL,0.04,603168636.0,85849923585.2118
100258,2017-04-24,037833100,US0378331005,AAPL,0.08,603149118.0,85957780556.5225
100258,2017-04-25,037833100,US0378331005,AAPL,0.08,603542944.0,86548077005.3245
100258,2017-04-26,037833100,US0378331005,AAPL,0.02,604160982.0,87129241043.9227
100258,2017-04-27,037833100,US0378331005,AAPL,0.08,603368938.0,86854597373.9097
100258,2017-04-28,037833100,US0378331005,AAPL,0.08,604841907.0,86930906839.4902
100258,2017-05-01,037833100,US0378331005,AAPL,0.03,604341447.0,87125315057.0842
100258,2017-05-02,037833100,US0378331005,AAPL,0.01,604030470.0,88112044508.552
100258,2017-05-03,037833100,US0378331005,AAPL,0.0,605761850.0,89167965638.0168
100258,2017-05-04,037833100,US0378331005,AAPL,0.01,602395027.0,88652763277.9214
100258,2017-05-05,037833100,US0378331005,AAPL,0.01,601061512.0,88418552602.6265
100258,2017-05-08,037833100,US0378331005,AAPL,0.05,603315838.0,89817810882.3466
100258,2017-05-09,037833100,US0378331005,AAPL,0.01,605015204.0,92007251271.5208
100258,2017-05-10,037833100,US0378331005,AAPL,0.02,602632388.0,92598705324.259
100258,2017-05-11,037833100,US0378331005,AAPL,0.13,594893611.0,91410996075.9961
100258,2017-05-12,037833100,US0378331005,AAPL,0.24,594524142.0,91656938484.1375
100258,2017-05-15,037833100,US0378331005,AAPL,0.7,594720889.0,92530686752.1721
100258,2017-05-16,037833100,US0378331005,AAPL,0.28,605178225.0,94308046691.1356
100258,2017-05-17,037833100,US0378331005,AAPL,0.12,606116611.0,93353259622.9328
100258,2017-05-18,037833100,US0378331005,AAPL,0.12,605234728.0,92078141846.7198
100258,2017-05-19,037833100,US0378331005,AAPL,0.11,604954898.0,91992627515.1226
100258,2017-05-22,037833100,US0378331005,AAPL,0.1,603801621.0,92549651564.6032
100258,2017-05-23,037833100,US0378331005,AAPL,0.09,603380042.0,92793054528.9848
100258,2017-05-24,037833100,US0378331005,AAPL,0.05,603306277.0,92836246776.8455
100258,2017-05-25,037833100,US0378331005,AAPL,0.04,603458373.0,92696858181.834
100258,2017-05-26,037833100,US0378331005,AAPL,0.05,603858031.0,92847374661.8275
100258,2017-05-29,037833100,US0378331005,AAPL,0.05,604531265.0,92956144198.6848
100258,2017-05-30,037833100,US0378331005,AAPL,0.07,604296853.0,92853901833.557
100258,2017-05-31,037833100,US0378331005,AAPL,1.2,603802787.0,92715901188.5338
100258,2017-06-01,037833100,US0378331005,AAPL,0.08,602993734.0,92308342524.6622
100258,2017-06-02,037833100,US0378331005,AAPL,0.11,605536724.0,93003162577.231
100258,2017-06-05,037833100,US0378331005,AAPL,0.06,605074282.0,93924252393.5059
100258,2017-06-06,037833100,US0378331005,AAPL,0.04,605028058.0,93456065657.6424
100258,2017-06-07,037833100,US0378331005,AAPL,0.06,606136641.0,93655125127.0275
100258,2017-06-08,037833100,US0378331005,AAPL,0.05,605333763.0,93890734752.4354
100258,2017-06-09,037833100,US0378331005,AAPL,0.04,605562622.0,93369848553.2496
100258,2017-06-12,037833100,US0378331005,AAPL,0.07,605393910.0,90960910297.683
100258,2017-06-13,037833100,US0378331005,AAPL,0.12,604322730.0,88697875415.9396
100258,2017-06-14,037833100,US0378331005,AAPL,0.15,607873740.0,88844096730.5334
100258,2017-06-15,037833100,US0378331005,AAPL,0.31,606854979.0,88362231005.135
100258,2017-06-16,037833100,US0378331005,AAPL,0.33,606472412.0,87582599751.97
100258,2017-06-19,037833100,US0378331005,AAPL,0.52,597327190.0,85847173746.9647
100258,2017-06-20,037833100,US0378331005,AAPL,0.47,606099365.0,88003172558.4276
100258,2017-06-21,037833100,US0378331005,AAPL,0.1,606321434.0,88344648772.2389
100258,2017-06-22,037833100,US0378331005,AAPL,0.08,606187140.0,88314420569.6726
100258,2017-06-23,037833100,US0378331005,AAPL,0.06,590461676.0,86183504910.0748
100258,2017-06-26,037833100,US0378331005,AAPL,0.06,587628950.0,85915629803.0647
100258,2017-06-27,037833100,US0378331005,AAPL,0.05,588950173.0,85915820261.0944
100258,2017-06-28,037833100,US0378331005,AAPL,0.03,590020525.0,85326747745.1482
100258,2017-06-29,037833100,US0378331005,AAPL,0.19,590057523.0,85604622554.684
100258,2017-06-30,037833100,US0378331005,AAPL,0.31,590502779.0,85249624494.9626
100258,2016-10-03,037833100,US0378331005,AAPL,0.34,473337310.0,53511322437.8519
100258,2016-10-04,037833100,US0378331005,AAPL,0.34,475457677.0,53550746452.0842
100258,2016-10-05,037833100,US0378331005,AAPL,0.25,479460991.0,54168412109.31
100258,2016-10-06,037833100,US0378331005,AAPL,0.51,478384894.0,54129912106.412
100258,2016-10-07,037833100,US0378331005,AAPL,0.37,475416454.0,54124021144.4986
100258,2016-10-10,037833100,US0378331005,AAPL,0.37,474867018.0,54255141029.3178
100258,2016-10-11,037833100,US0378331005,AAPL,0.32,477021666.0,55095107076.3506
100258,2016-10-12,037833100,US0378331005,AAPL,0.29,478012029.0,55574987588.5618
100258,2016-10-13,037833100,US0378331005,AAPL,0.33,479494695.0,56200967164.3544
100258,2016-10-14,037833100,US0378331005,AAPL,0.65,446516737.0,52307079289.733
100258,2016-10-17,037833100,US0378331005,AAPL,0.26,448941946.0,52802043340.537
100258,2016-10-18,037833100,US0378331005,AAPL,0.28,478850844.0,56287934559.8214
100258,2016-10-19,037833100,US0378331005,AAPL,0.27,479957528.0,56367724031.3458
100258,2016-10-20,037833100,US0378331005,AAPL,0.29,480397407.0,56278834390.0018
100258,2016-10-21,037833100,US0378331005,AAPL,0.27,480894159.0,56273902586.9088
100258,2016-10-24,037833100,US0378331005,AAPL,0.26,478505318.0,55878700408.79
100258,2016-10-25,037833100,US0378331005,AAPL,0.29,477180117.0,56156324799.8368
100258,2016-10-26,037833100,US0378331005,AAPL,0.34,474610365.0,55970924929.012
100258,2016-10-27,037833100,US0378331005,AAPL,0.34,473708297.0,54786878529.9615
100258,2016-10-28,037833100,US0378331005,AAPL,0.51,475759549.0,54457323079.9458
100258,2016-10-31,037833100,US0378331005,AAPL,0.55,475597807.0,54103865231.424
100258,2016-11-01,037833100,US0378331005,AAPL,0.51,479180843.0,54314686292.8614
100258,2016-11-02,037833100,US0378331005,AAPL,0.28,476184091.0,53170299270.0164
100258,2016-11-03,037833100,US0378331005,AAPL,0.18,474194812.0,52806599958.6646
100258,2016-11-04,037833100,US0378331005,AAPL,0.74,472123498.0,51851618644.8035
100258,2016-11-07,037833100,US0378331005,AAPL,0.79,470270385.0,51296465744.279
100258,2016-11-08,037833100,US0378331005,AAPL,0.15,472943509.0,52204086226.3644
100258,2016-11-09,037833100,US0378331005,AAPL,0.16,469455672.0,52045490773.3772
100258,2016-11-10,037833100,US0378331005,AAPL,0.16,470954534.0,52037740113.7622
100258,2016-11-11,037833100,US0378331005,AAPL,0.16,470607084.0,50892258699.0422
100258,2016-11-14,037833100,US0378331005,AAPL,0.1,471405722.0,51002152334.1292
100258,2016-11-15,037833100,US0378331005,AAPL,0.11,470745596.0,49946385347.3188
100258,2016-11-16,037833100,US0378331005,AAPL,0.09,472226719.0,50714859181.1004
100258,2016-11-17,037833100,US0378331005,AAPL,0.11,471419770.0,51748976396.0832
100258,2016-11-18,037833100,US0378331005,AAPL,3.68,471384605.0,51837839865.32
100258,2016-11-21,037833100,US0378331005,AAPL,0.06,470322337.0,51847547260.2186
100258,2016-11-22,037833100,US0378331005,AAPL,0.13,468652426.0,52309480131.8084
100258,2016-11-23,037833100,US0378331005,AAPL,0.16,467766416.0,52265015813.5798
100258,2016-11-24,037833100,US0378331005,AAPL,0.16,466858562.0,51942097467.537
100258,2016-11-25,037833100,US0378331005,AAPL,0.22,467226938.0,52006441115.6454
100258,2016-11-28,037833100,US0378331005,AAPL,0.3,467287489.0,52225740402.0447
100258,2016-11-29,037833100,US0378331005,AAPL,0.7,465888061.0,51981566572.6348
100258,2016-11-30,037833100,US0378331005,AAPL,0.68,464380729.0,51715471643.9477
100258,2016-12-01,037833100,US0378331005,AAPL,0.65,463917617.0,51253557190.4967
100258,2016-12-02,037833100,US0378331005,AAPL,0.53,459779465.0,50403608086.1098
100258,2016-12-05,037833100,US0378331005,AAPL,0.56,461884393.0,50712047400.082
100258,2016-12-06,037833100,US0378331005,AAPL,0.52,461938350.0,50483539497.1079
100258,2016-12-07,037833100,US0378331005,AAPL,0.73,461487688.0,50768992021.4225
100258,2016-12-08,037833100,US0378331005,AAPL,0.57,455256740.0,50583793523.4231
100258,2016-12-09,037833100,US0378331005,AAPL,0.66,460072661.0,51660910232.8184
100258,2016-12-12,037833100,US0378331005,AAPL,0.51,454325990.0,51639148984.0002
100258,2016-12-13,037833100,US0378331005,AAPL,0.55,446270072.0,50678979666.748
100258,2016-12-14,037833100,US0378331005,AAPL,0.72,458234535.0,52721173413.008
100258,2016-12-15,037833100,US0378331005,AAPL,0.74,458329088.0,52828902063.4044
100258,2016-12-16,037833100,US0378331005,AAPL,1.77,434546805.0,50315246054.5326
100258,2016-12-19,037833100,US0378331005,AAPL,1.55,440223809.0,51082914985.327
100258,2016-12-20,037833100,US0378331005,AAPL,3.34,440407868.0,51366163602.3793
100258,2016-12-21,037833100,US0378331005,AAPL,2.43,440416557.0,51503064413.6037
100258,2016-12-22,037833100,US0378331005,AAPL,1.06,441240558.0,51602806736.7648
100258,2016-12-23,037833100,US0378331005,AAPL,1.23,441518164.0,51453842531.857
100258,2016-12-26,037833100,US0378331005,AAPL,1.24,440934257.0,51433872148.797
100258,2016-12-27,037833100,US0378331005,AAPL,1.33,441099001.0,51435049114.909
100258,2016-12-28,037833100,US0378331005,AAPL,1.26,441238561.0,51689292382.3495
100258,2016-12-29,037833100,US0378331005,AAPL,1.26,442047532.0,51629233242.792
100258,2016-12-30,037833100,US0378331005,AAPL,1.26,441963328.0,51552214813.284
100258,2017-01-02,037833100,US0378331005,AAPL,1.2,463569954.0,53859646222.664
100258,2017-01-03,037833100,US0378331005,AAPL,1.1,464950012.0,53879682489.6916
100258,2017-01-04,037833100,US0378331005,AAPL,1.02,469815651.0,54550710265.7325
100258,2017-01-05,037833100,US0378331005,AAPL,1.02,469419288.0,54508151855.7825
100258,2017-01-06,037833100,US0378331005,AAPL,1.0,471113187.0,55002017804.7562
100258,2017-01-09,037833100,US0378331005,AAPL,1.0,471571311.0,55619034233.0741
100258,2017-01-10,037833100,US0378331005,AAPL,1.03,472374668.0,56174268309.2604
100258,2017-01-11,037833100,US0378331005,AAPL,1.1,472426446.0,56307743193.2022
100258,2017-01-12,037833100,US0378331005,AAPL,0.06,472373151.0,56517279910.5969
100258,2017-01-13,037833100,US0378331005,AAPL,0.05,471681382.0,56256730994.0131
100258,2017-01-16,037833100,US0378331005,AAPL,0.05,471546891.0,56143992869.8659
100258,2017-01-17,037833100,US0378331005,AAPL,0.09,466054682.0,55536530864.2327
100258,2017-01-18,037833100,US0378331005,AAPL,0.21,471391516.0,56536003936.868
100258,2017-01-19,037833100,US0378331005,AAPL,0.29,467691815.0,56105168011.1122
100258,2017-01-20,037833100,US0378331005,AAPL,0.49,468422407.0,56129137219.2525
100258,2017-01-23,037833100,US0378331005,AAPL,0.4,468786916.0,56253107882.5496
100258,2017-01-24,037833100,US0378331005,AAPL,0.41,461382713.0,55395073266.7162
100258,2017-01-25,037833100,US0378331005,AAPL,0.19,468374977.0,56318360492.8318
100258,2017-01-26,037833100,US0378331005,AAPL,0.05,598948681.0,72954839257.949
100258,2017-01-27,037833100,US0378331005,AAPL,0.02,598341016.0,72966195749.3697
100258,2017-01-30,037833100,US0378331005,AAPL,0.08,598548015.0,72992106745.0896
100258,2017-01-31,037833100,US0378331005,AAPL,0.04,598193229.0,72768544156.4252
100258,2017-02-01,037833100,US0378331005,AAPL,0.04,597890590.0,73301556283.4272
100258,2017-02-02,037833100,US0378331005,AAPL,0.04,592848940.0,75971569015.174
100258,2017-02-03,037833100,US0378331005,AAPL,0.03,594634748.0,76493160272.3156
100258,2017-02-06,037833100,US0378331005,AAPL,0.02,597649967.0,77255032443.5552
100258,2017-02-07,037833100,US0378331005,AAPL,0.06,598423238.0,78041579652.7664
100258,2017-02-08,037833100,US0378331005,AAPL,0.01,597729205.0,78656735548.7001
100258,2017-02-09,037833100,US0378331005,AAPL,0.27,597495300.0,79009065131.7996
100258,2017-02-10,037833100,US0378331005,AAPL,0.44,601090024.0,79589035851.9595
100258,2017-02-13,037833100,US0378331005,AAPL,0.52,601366141.0,79576075947.0148
100258,2017-02-14,037833100,US0378331005,AAPL,0.11,602296592.0,80412652388.0267
100258,2017-02-15,037833100,US0378331005,AAPL,0.1,602146496.0,81244146280.4175
100258,2017-02-16,037833100,US0378331005,AAPL,0.31,600430371.0,81306151683.3861
100258,2017-02-17,037833100,US0378331005,AAPL,0.24,600588160.0,81318479212.568
100258,2017-02-20,037833100,US0378331005,AAPL,0.24,600531524.0,81438862674.5586
100258,2017-02-21,037833100,US0378331005,AAPL,0.25,600950460.0,81660090639.5431
100258,2017-02-22,037833100,US0378331005,AAPL,0.27,600321192.0,82064333445.6571
100258,2017-02-23,037833100,US0378331005,AAPL,0.2,600216387.0,82185122086.4856
100258,2017-02-24,037833100,US0378331005,AAPL,0.11,599904912.0,81921920247.8823
100258,2017-02-27,037833100,US0378331005,AAPL,0.18,600118773.0,82034706051.8043
100258,2017-02-28,037833100,US0378331005,AAPL,0.03,600826512.0,82245729527.2148
100258,2017-03-01,037833100,US0378331005,AAPL,0.04,601543906.0,82694501028.4594
100258,2017-03-02,037833100,US0378331005,AAPL,0.53,607048199.0,84470114480.7228
100258,2017-03-03,037833100,US0378331005,AAPL,0.9,616162664.0,85758824405.2747
100258,2017-03-06,037833100,US0378331005,AAPL,0.9,614965119.0,85850385994.7249
100258,2017-03-07,037833100,US0378331005,AAPL,0.9,615385506.0,85763672932.1158
100258,2017-03-08,037833100,US0378331005,AAPL,0.99,616061541.0,85858300062.2473
100258,2017-03-09,037833100,US0378331005,AAPL,0.92,616127921.0,85636554485.5432
100258,2017-03-10,037833100,US0378331005,AAPL,0.73,615668027.0,85396936037.2515
100258,2017-03-13,037833100,US0378331005,AAPL,0.54,613890467.0,85443951341.6938
100258,2017-03-14,037833100,US0378331005,AAPL,0.47,613753050.0,85426140141.0432
100258,2017-03-15,037833100,US0378331005,AAPL,0.39,613264503.0,85362669770.9136
100258,2017-03-16,037833100,US0378331005,AAPL,0.4,613615155.0,86110222938.3084
100258,2017-03-17,037833100,US0378331005,AAPL,0.3,613249087.0,86168860788.619
100258,2017-03-20,037833100,US0378331005,AAPL,0.31,603911431.0,84673307253.1129
100258,2017-03-21,037833100,US0378331005,AAPL,0.38,603084045.0,85070658289.4079
100258,2017-03-22,037833100,US0378331005,AAPL,0.22,604947504.0,84781711406.8949
100258,2017-03-23,037833100,US0378331005,AAPL,0.29,603466015.0,85210008462.8459
100258,2017-03-24,037833100,US0378331005,AAPL,0.26,603691197.0,85044873859.9549
100258,2017-03-27,037833100,US0378331005,AAPL,0.2,602374049.0,84690700504.1576
100258,2017-03-28,037833100,US0378331005,AAPL,0.19,603783924.0,85243516133.683
100258,2017-03-29,037833100,US0378331005,AAPL,0.16,603814122.0,86766577063.3239
100258,2017-03-30,037833100,US0378331005,AAPL,0.18,604225408.0,87087574385.4705
100258,2017-03-31,037833100,US0378331005,AAPL,0.11,602862743.0,86761304421.7874
100258,2015-01-01,037833100,US0378331005,AAPL,0.04,528696781.0,58759292596.15
100258,2015-01-02,037833100,US0378331005,AAPL,0.02,530915133.0,58584043417.15
100258,2015-01-05,037833100,US0378331005,AAPL,0.03,529327668.0,57674163188.753
100258,2015-01-06,037833100,US0378331005,AAPL,0.05,528160791.0,56481052582.1365
100258,2015-01-07,037833100,US0378331005,AAPL,0.06,529271250.0,56372409591.1236
100258,2015-01-08,037833100,US0378331005,AAPL,0.04,529825066.0,57340190800.2274
100258,2015-01-09,037833100,US0378331005,AAPL,0.04,529952457.0,59154121283.2856
100258,2015-01-12,037833100,US0378331005,AAPL,0.05,566276380.0,63216461927.2966
100258,2015-01-13,037833100,US0378331005,AAPL,0.05,566431204.0,62069578562.1876
100258,2015-01-14,037833100,US0378331005,AAPL,0.08,567337737.0,62375575912.1419
100258,2015-01-15,037833100,US0378331005,AAPL,0.05,567739228.0,62127827817.7922
100258,2015-01-16,037833100,US0378331005,AAPL,0.06,567851422.0,61335861274.3648
100258,2015-01-19,037833100,US0378331005,AAPL,0.06,567828236.0,60240939635.8348
100258,2015-01-20,037833100,US0378331005,AAPL,0.08,569715056.0,60590627003.394
100258,2015-01-21,037833100,US0378331005,AAPL,0.07,568001882.0,61715723176.5848
100258,2015-01-22,037833100,US0378331005,AAPL,0.05,558310907.0,61348182497.3284
100258,2015-01-23,037833100,US0378331005,AAPL,0.05,565803084.0,63536181987.6684
100258,2015-01-26,037833100,US0378331005,AAPL,0.05,565703128.0,63898619671.1666
100258,2015-01-27,037833100,US0378331005,AAPL,0.06,565596805.0,63880516693.4116
100258,2015-01-28,037833100,US0378331005,AAPL,0.26,564240079.0,62190646663.6799
100258,2015-01-29,037833100,US0378331005,AAPL,0.22,573541728.6238,66178487267.2927
100258,2015-01-30,037833100,US0378331005,AAPL,0.17,570554376.0206,67577328223.9399
100258,2015-02-02,037833100,US0378331005,AAPL,0.1,570902613.4117,67058642807.4106
100258,2015-02-03,037833100,US0378331005,AAPL,0.07,572083849.5387,67814052788.2547
100258,2015-02-04,037833100,US0378331005,AAPL,0.04,575763446.4323,68384794080.614
100258,2015-02-05,037833100,US0378331005,AAPL,0.04,577350937.1205,69021562181.173
100258,2015-02-06,037833100,US0378331005,AAPL,0.05,581192069.3683,69607656108.3047
100258,2015-02-09,037833100,US0378331005,AAPL,0.16,581713900.9188,69316882266.8808
100258,2015-02-10,037833100,US0378331005,AAPL,0.03,584558465.455,70125633276.3179
100258,2015-02-11,037833100,US0378331005,AAPL,0.02,583845955.6257,71748418168.4139
100258,2015-02-12,037833100,US0378331005,AAPL,0.02,583831296.1194,72907666216.648
100258,2015-02-13,037833100,US0378331005,AAPL,0.03,581537015.1194,73170357487.4844
100258,2015-02-16,037833100,US0378331005,AAPL,0.03,575943056.1194,73125866406.1918
100258,2015-02-17,037833100,US0378331005,AAPL,0.05,576776363.0727,73363252388.8475
100258,2015-02-18,037833100,US0378331005,AAPL,0.05,582242185.315,74463701225.7867
100258,2015-02-19,037833100,US0378331005,AAPL,0.06,581830242.084,74866797075.4575
100258,2015-02-20,037833100,US0378331005,AAPL,0.05,583210219.952,75007003303.1706
100258,2015-02-23,037833100,US0378331005,AAPL,0.06,580668586.3662,75410826637.8945
100258,2015-02-24,037833100,US0378331005,AAPL,0.04,579475928.1041,76862628298.6487
100258,2015-02-25,037833100,US0378331005,AAPL,0.02,576677517.2267,76001439124.5859
100258,2015-02-26,037833100,US0378331005,AAPL,0.08,578580046.183,74779611783.2234
100258,2015-02-27,037833100,US0378331005,AAPL,0.07,578183519.3864,75181646560.7068
100258,2015-03-02,037833100,US0378331005,AAPL,0.06,575880776.464,74109453554.4781
100258,2015-03-03,037833100,US0378331005,AAPL,0.03,575340904.0522,74265497151.2054
100258,2015-03-04,037833100,US0378331005,AAPL,0.01,577625855.0658,74628297855.3621
100258,2015-03-05,037833100,US0378331005,AAPL,0.02,576697960.3085,74002287652.2358
100258,2015-03-06,037833100,US0378331005,AAPL,0.03,576760557.6788,73016919807.613
100258,2015-03-09,037833100,US0378331005,AAPL,0.03,576045986.9208,72963704321.6274
100258,2015-03-10,037833100,US0378331005,AAPL,0.05,576314506.8839,73049669681.7185
100258,2015-03-11,037833100,US0378331005,AAPL,0.05,575758060.4041,71625876209.7907
100258,2015-03-12,037833100,US0378331005,AAPL,0.07,574094984.4337,70441476558.2579
100258,2015-03-13,037833100,US0378331005,AAPL,0.08,566427672.1021,70337331488.3476
100258,2015-03-16,037833100,US0378331005,AAPL,0.08,574089769.452,71093616068.245
100258,2015-03-17,037833100,US0378331005,AAPL,0.06,570534592.533,71397528099.1718
100258,2015-03-18,037833100,US0378331005,AAPL,0.12,569753979.3491,72403928965.647
100258,2015-03-19,037833100,US0378331005,AAPL,0.09,570835849.4872,73589503500.0042
100258,2015-03-20,037833100,US0378331005,AAPL,0.06,571434691.5771,72779496082.466
100258,2015-03-23,037833100,US0378331005,AAPL,0.09,574329967.2324,72484763390.1156
100258,2015-03-24,037833100,US0378331005,AAPL,0.05,574382989.0082,72859999639.0069
100258,2015-03-25,037833100,US0378331005,AAPL,0.14,574457765.8708,72563618831.7497
100258,2015-03-26,037833100,US0378331005,AAPL,0.22,574113939.2025,71044060783.0388
100258,2015-03-27,037833100,US0378331005,AAPL,0.09,574314610.3441,71246915294.0448
100258,2015-03-30,037833100,US0378331005,AAPL,0.14,574093603.4993,71032978279.1072
100258,2015-03-31,037833100,US0378331005,AAPL,0.1,574177949.1019,72292825099.1758
100258,2016-07-01,037833100,US0378331005,AAPL,0.7,498072868.0,47587996578.3408
100258,2016-07-04,037833100,US0378331005,AAPL,0.7,498298948.0,47765089618.06
100258,2016-07-05,037833100,US0378331005,AAPL,0.2,497069254.0,47596864515.7196
100258,2016-07-06,037833100,US0378331005,AAPL,0.29,497301532.0,47322383979.6628
100258,2016-07-07,037833100,US0378331005,AAPL,0.23,498754475.0,47665118192.1849
100258,2016-07-08,037833100,US0378331005,AAPL,0.19,485399102.0,46604350615.4212
100258,2016-07-11,037833100,US0378331005,AAPL,0.19,485389414.0,46921938602.904
100258,2016-07-12,037833100,US0378331005,AAPL,0.19,485595872.0,47103827682.6564
100258,2016-07-13,037833100,US0378331005,AAPL,0.18,485432998.0,47241795276.4459
100258,2016-07-14,037833100,US0378331005,AAPL,0.16,485180963.0,47135581865.2683
100258,2016-07-15,037833100,US0378331005,AAPL,0.22,484116584.0,47756685980.6103
100258,2016-07-18,037833100,US0378331005,AAPL,0.19,483279010.0,47788890257.0477
100258,2016-07-19,037833100,US0378331005,AAPL,0.27,482450260.0,48124772614.0203
100258,2016-07-20,037833100,US0378331005,AAPL,0.22,482280878.0,48174620267.6404
100258,2016-07-21,037833100,US0378331005,AAPL,0.14,482223558.0,48174478827.4164
100258,2016-07-22,037833100,US0378331005,AAPL,0.09,469074298.0,46621886770.6352
100258,2016-07-25,037833100,US0378331005,AAPL,0.12,470825726.0,46413236254.0764
100258,2016-07-26,037833100,US0378331005,AAPL,0.1,464466990.0,45229205458.1056
100258,2016-07-27,037833100,US0378331005,AAPL,0.07,467221893.0,45549707762.7454
100258,2016-07-28,037833100,US0378331005,AAPL,0.05,465946635.0,47742378924.5204
100258,2016-07-29,037833100,US0378331005,AAPL,0.05,464957322.0,48401847382.5364
100258,2016-08-01,037833100,US0378331005,AAPL,0.02,466106301.0,48682777294.8618
100258,2016-08-02,037833100,US0378331005,AAPL,0.13,465072674.0,49163939204.1759
100258,2016-08-03,037833100,US0378331005,AAPL,0.08,467490820.0,48976275551.6032
100258,2016-08-04,037833100,US0378331005,AAPL,0.27,468181493.0,49485259289.218
100258,2016-08-05,037833100,US0378331005,AAPL,0.06,461923959.0,48994684671.3102
100258,2016-08-08,037833100,US0378331005,AAPL,0.49,469598467.0,50464565818.813
100258,2016-08-09,037833100,US0378331005,AAPL,0.07,467363548.0,50640533299.4306
100258,2016-08-10,037833100,US0378331005,AAPL,0.18,467091857.0,50762393724.7208
100258,2016-08-11,037833100,US0378331005,AAPL,0.09,466520708.0,50410651913.4455
100258,2016-08-12,037833100,US0378331005,AAPL,0.11,464983732.0,50202748379.3106
100258,2016-08-15,037833100,US0378331005,AAPL,0.1,465443330.0,50404816995.4029
100258,2016-08-16,037833100,US0378331005,AAPL,0.2,465864341.0,50949218597.8042
100258,2016-08-17,037833100,US0378331005,AAPL,0.17,465330959.0,50893146172.0497
100258,2016-08-18,037833100,US0378331005,AAPL,0.3,467860841.0,51098521911.909
100258,2016-08-19,037833100,US0378331005,AAPL,0.16,466459275.0,50910512359.7781
100258,2016-08-22,037833100,US0378331005,AAPL,0.16,468443167.0,51184217993.2
100258,2016-08-23,037833100,US0378331005,AAPL,0.17,467551405.0,50785244459.1948
100258,2016-08-24,037833100,US0378331005,AAPL,0.43,467716551.0,50850590696.0945
100258,2016-08-25,037833100,US0378331005,AAPL,0.17,467032917.0,50459217637.2656
100258,2016-08-26,037833100,US0378331005,AAPL,0.19,466974594.0,50215824244.3123
100258,2016-08-29,037833100,US0378331005,AAPL,0.17,464640038.0,49706344756.008
100258,2016-08-30,037833100,US0378331005,AAPL,0.17,466391897.0,49815061065.3422
100258,2016-08-31,037833100,US0378331005,AAPL,0.16,464886695.0,49316474458.672
100258,2016-09-01,037833100,US0378331005,AAPL,3.32,466023900.0,49476944207.4797
100258,2016-09-02,037833100,US0378331005,AAPL,2.31,471563595.0,50346937957.514
100258,2016-09-05,037833100,US0378331005,AAPL,2.31,471564533.0,50736874944.3673
100258,2016-09-06,037833100,US0378331005,AAPL,2.2,471447120.0,50767141704.8825
100258,2016-09-07,037833100,US0378331005,AAPL,1.75,470450495.0,50707937187.8036
100258,2016-09-08,037833100,US0378331005,AAPL,1.76,470758949.0,50853099546.6979
100258,2016-09-09,037833100,US0378331005,AAPL,1.39,468428057.0,49397211841.122
100258,2016-09-12,037833100,US0378331005,AAPL,1.28,474853071.0,49195150433.0222
100258,2016-09-13,037833100,US0378331005,AAPL,1.15,477341082.0,50385108789.7796
100258,2016-09-14,037833100,US0378331005,AAPL,0.74,475551450.0,51457705396.4449
100258,2016-09-15,037833100,US0378331005,AAPL,0.62,474813240.0,53101799490.6973
100258,2016-09-16,037833100,US0378331005,AAPL,0.64,471782511.0,54347556134.4367
100258,2016-09-19,037833100,US0378331005,AAPL,0.68,473461681.0,54369943866.4897
100258,2016-09-20,037833100,US0378331005,AAPL,0.67,475247588.0,54039651021.4823
100258,2016-09-21,037833100,US0378331005,AAPL,0.62,482662543.0,54818385351.419
100258,2016-09-22,037833100,US0378331005,AAPL,0.48,482515215.0,54854862303.8959
100258,2016-09-23,037833100,US0378331005,AAPL,0.46,482322152.0,55137466635.8102
100258,2016-09-26,037833100,US0378331005,AAPL,0.45,481307047.0,54343555690.7002
100258,2016-09-27,037833100,US0378331005,AAPL,0.27,477774922.0,54010777631.6229
100258,2016-09-28,037833100,US0378331005,AAPL,0.27,477168074.0,54007794589.1152
100258,2016-09-29,037833100,US0378331005,AAPL,0.29,474690356.0,53975228339.5753
100258,2016-09-30,037833100,US0378331005,AAPL,0.26,474459783.0,53414703624.6493
100258,2015-04-01,037833100,US0378331005,AAPL,0.09,573547395.4446,71439204332.5823
100258,2015-04-02,037833100,US0378331005,AAPL,0.09,573673320.4446,71374288441.404
100258,2015-04-03,037833100,US0378331005,AAPL,0.09,573997282.4446,71846865821.767
100258,2015-04-06,037833100,US0378331005,AAPL,0.12,573816846.4446,72062956127.3832
100258,2015-04-07,037833100,US0378331005,AAPL,0.13,573782601.0109,72894357273.0042
100258,2015-04-08,037833100,US0378331005,AAPL,0.17,572927440.3579,72222181111.4666
100258,2015-04-09,037833100,US0378331005,AAPL,0.17,572108674.4866,71953532702.873
100258,2015-04-10,037833100,US0378331005,AAPL,0.16,572367272.6928,72445054586.2578
100258,2015-04-13,037833100,US0378331005,AAPL,0.19,571030574.9708,72540776231.3755
100258,2015-04-14,037833100,US0378331005,AAPL,0.08,569040132.6898,72156432803.7478
100258,2015-04-15,037833100,US0378331005,AAPL,0.08,569789019.1976,72029236288.9248
100258,2015-04-16,037833100,US0378331005,AAPL,0.1,565855849.5359,71678056435.85
100258,2015-04-17,037833100,US0378331005,AAPL,0.13,566442050.8284,71391318507.0313
100258,2015-04-20,037833100,US0378331005,AAPL,0.09,564050086.5617,70638764136.1773
100258,2015-04-21,037833100,US0378331005,AAPL,0.13,565314039.3574,71971436809.5721
100258,2015-04-22,037833100,US0378331005,AAPL,0.46,566435188.116,72054458639.0305
100258,2015-04-23,037833100,US0378331005,AAPL,0.1,565148645.5802,72699104850.665
100258,2015-04-24,037833100,US0378331005,AAPL,0.06,564728229.2444,73237051602.5629
100258,2015-04-27,037833100,US0378331005,AAPL,0.08,564691447.2444,73712416738.113
100258,2015-04-28,037833100,US0378331005,AAPL,0.08,563690602.8032,74528283043.0035
100258,2015-04-29,037833100,US0378331005,AAPL,0.1,565092552.2382,73732803324.2962
100258,2015-04-30,037833100,US0378331005,AAPL,0.1,567386829.6345,72827094195.8903
100258,2015-05-01,037833100,US0378331005,AAPL,0.24,563669631.8574,70967958393.508
100258,2015-05-04,037833100,US0378331005,AAPL,0.28,565072777.1331,72577946838.5739
100258,2015-05-05,037833100,US0378331005,AAPL,0.28,569799191.0776,73141846620.2406
100258,2015-05-06,037833100,US0378331005,AAPL,0.37,569628094.4688,71730069072.3861
100258,2015-05-07,037833100,US0378331005,AAPL,0.33,570287557.2995,71354959092.0479
100258,2015-05-08,037833100,US0378331005,AAPL,0.33,570546512.6204,71634191846.2485
100258,2015-05-11,037833100,US0378331005,AAPL,0.48,571483544.4641,72786486260.1079
100258,2015-05-12,037833100,US0378331005,AAPL,1.91,580736437.0478,73507199086.2858
100258,2015-05-13,037833100,US0378331005,AAPL,1.67,581118986.5469,73183569671.3975
100258,2015-05-14,037833100,US0378331005,AAPL,1.67,579806885.2923,73266422179.2644
100258,2015-05-15,037833100,US0378331005,AAPL,1.33,577337687.4983,74319389560.1508
100258,2015-05-18,037833100,US0378331005,AAPL,1.31,575700914.4999,74271613735.6287
100258,2015-05-19,037833100,US0378331005,AAPL,1.16,574501823.1371,74732559348.1628
100258,2015-05-20,037833100,US0378331005,AAPL,1.25,574794089.5133,74769362414.7646
100258,2015-05-21,037833100,US0378331005,AAPL,1.11,573825980.5961,74733870395.928
100258,2015-05-22,037833100,US0378331005,AAPL,0.79,573413178.5961,75080134966.1892
100258,2015-05-25,037833100,US0378331005,AAPL,0.79,573828610.5961,75947242797.7556
100258,2015-05-26,037833100,US0378331005,AAPL,0.73,573695396.5961,75806919729.6258
100258,2015-05-27,037833100,US0378331005,AAPL,0.46,576379418.0134,75329386554.5119
100258,2015-05-28,037833100,US0378331005,AAPL,0.36,576225206.5758,75970565741.4751
100258,2015-05-29,037833100,US0378331005,AAPL,0.32,576867083.5664,75957165220.9348
100258,2015-06-01,037833100,US0378331005,AAPL,0.27,575156753.105,75181041379.887
100258,2015-06-02,037833100,US0378331005,AAPL,0.36,571988994.0399,74617699779.5348
100258,2015-06-03,037833100,US0378331005,AAPL,0.29,572183593.0837,74406635037.2809
100258,2015-06-04,037833100,US0378331005,AAPL,0.26,576467652.6531,74959079233.1078
100258,2015-06-05,037833100,US0378331005,AAPL,0.29,576831355.3622,74685325553.8025
100258,2015-06-08,037833100,US0378331005,AAPL,0.29,575860933.7362,74133675248.1514
100258,2015-06-09,037833100,US0378331005,AAPL,0.5,572722100.72,73210728432.3122
100258,2015-06-10,037833100,US0378331005,AAPL,0.57,571897388.896,72995108739.0255
100258,2015-06-11,037833100,US0378331005,AAPL,0.65,573660836.2309,73858742307.0968
100258,2015-06-12,037833100,US0378331005,AAPL,0.56,575149898.5617,73872101569.3825
100258,2015-06-15,037833100,US0378331005,AAPL,0.6,574178991.5017,73065639648.3645
100258,2015-06-16,037833100,US0378331005,AAPL,0.54,573818123.3806,72892393021.5432
100258,2015-06-17,037833100,US0378331005,AAPL,0.45,573403073.457,73122560499.4543
100258,2015-06-18,037833100,US0378331005,AAPL,0.44,574383769.1621,73177991287.001
100258,2015-06-19,037833100,US0378331005,AAPL,0.47,573883045.878,73277296813.416
100258,2015-06-22,037833100,US0378331005,AAPL,0.46,570503464.122,72353085568.7372
100258,2015-06-23,037833100,US0378331005,AAPL,0.46,569558307.8734,72605491488.4637
100258,2015-06-24,037833100,US0378331005,AAPL,0.52,568196712.8734,72285583656.4028
100258,2015-06-25,037833100,US0378331005,AAPL,0.46,566162643.7855,72449076166.6698
100258,2015-06-26,037833100,US0378331005,AAPL,0.35,565999682.7855,72146630378.8538
100258,2015-06-29,037833100,US0378331005,AAPL,0.24,567805566.9581,71850567002.5911
100258,2015-06-30,037833100,US0378331005,AAPL,0.06,569781541.9581,71432201937.5551
100258,2018-07-02,037833100,US0378331005,AAPL,0.09,615864467.0,114271635352.492
100258,2018-07-03,037833100,US0378331005,AAPL,0.07,623668679.0,116275833794.7626
100258,2018-07-04,037833100,US0378331005,AAPL,0.07,623835297.0,115894444271.4589
100258,2018-07-05,037833100,US0378331005,AAPL,0.06,623276390.0,114870665134.6233
100258,2018-07-06,037833100,US0378331005,AAPL,0.08,624576822.0,115721429176.7761
100258,2018-07-09,037833100,US0378331005,AAPL,0.09,624372698.0,117248292856.9477
100258,2018-07-10,037833100,US0378331005,AAPL,0.04,624155955.0,118957602783.5948
100258,2018-07-11,037833100,US0378331005,AAPL,0.04,623928746.0,118843805249.1142
100258,2018-07-12,037833100,US0378331005,AAPL,0.1,623804856.0,117559431975.0594
100258,2018-07-13,037833100,US0378331005,AAPL,0.03,624166278.0,118877287222.6167
100258,2018-07-16,037833100,US0378331005,AAPL,0.02,624122391.0,119418262324.9099
100258,2018-07-17,037833100,US0378331005,AAPL,0.05,624111162.0,119311613702.6462
100258,2018-07-18,037833100,US0378331005,AAPL,0.03,623396737.0,119250551962.0327
100258,2018-07-19,037833100,US0378331005,AAPL,0.03,624124406.0,119163480470.3194
100258,2018-07-20,037833100,US0378331005,AAPL,0.04,624021025.0,119418468761.841
100258,2018-07-23,037833100,US0378331005,AAPL,0.03,635210060.0,121689810317.1349
100258,2018-07-24,037833100,US0378331005,AAPL,0.01,635671347.0,121902631410.2868
100258,2018-07-25,037833100,US0378331005,AAPL,0.01,635508372.0,122590495121.6684
100258,2018-07-26,037833100,US0378331005,AAPL,0.01,635466316.0,123446158094.7856
100258,2018-07-27,037833100,US0378331005,AAPL,0.01,635905125.0,123290639215.0741
100258,2018-07-30,037833100,US0378331005,AAPL,0.0,635803312.0,121833560310.2344
100258,2018-08-01,037833100,US0378331005,AAPL,0.0,626958486.0,120094120308.911
100258,2017-07-03,037833100,US0378331005,AAPL,0.16,590777284.0,85046072835.7212
100258,2017-07-04,037833100,US0378331005,AAPL,0.16,590759967.0,84966489735.5177
100258,2017-07-05,037833100,US0378331005,AAPL,0.18,590761185.0,84845126798.8105
100258,2017-07-06,037833100,US0378331005,AAPL,0.17,591496494.0,85091098411.0401
100258,2017-07-07,037833100,US0378331005,AAPL,0.02,590265080.0,84677418753.7563
100258,2017-07-10,037833100,US0378331005,AAPL,0.09,589999995.0,84985745768.5077
100258,2017-07-11,037833100,US0378331005,AAPL,0.08,589217507.0,85429038699.4251
100258,2017-07-12,037833100,US0378331005,AAPL,0.04,602876282.0,87730408695.9941
100258,2017-07-13,037833100,US0378331005,AAPL,0.02,602523295.0,88009412567.8725
100258,2017-07-14,037833100,US0378331005,AAPL,0.09,602512475.0,88838887918.9858
100258,2017-07-17,037833100,US0378331005,AAPL,0.01,602224101.0,89609612418.7456
100258,2017-07-18,037833100,US0378331005,AAPL,0.02,604526149.0,90375524304.9263
100258,2017-07-19,037833100,US0378331005,AAPL,0.01,603567884.0,90616141503.6011
100258,2017-07-20,037833100,US0378331005,AAPL,0.02,603731955.0,90990402748.027
100258,2017-07-21,037833100,US0378331005,AAPL,0.02,603537790.0,90922102094.0232
100258,2017-07-24,037833100,US0378331005,AAPL,0.01,602275547.0,90711000446.9628
100258,2017-07-25,037833100,US0378331005,AAPL,0.01,602213065.0,91390058129.42
100258,2017-07-26,037833100,US0378331005,AAPL,0.01,602200966.0,91953530439.4826
100258,2017-07-27,037833100,US0378331005,AAPL,0.09,601265939.0,91937925803.5224
100258,2017-07-28,037833100,US0378331005,AAPL,0.07,601788339.0,90978008405.6277
100258,2017-07-31,037833100,US0378331005,AAPL,0.11,601783543.0,90117767691.7426
100258,2017-08-01,037833100,US0378331005,AAPL,0.03,602521637.0,90015590320.8978
100258,2017-08-02,037833100,US0378331005,AAPL,0.03,590223133.0,88850333362.3463
100258,2017-08-03,037833100,US0378331005,AAPL,0.09,587581322.0,91079418018.9777
100258,2017-08-04,037833100,US0378331005,AAPL,0.03,587750698.0,91777008566.9518
100258,2017-08-07,037833100,US0378331005,AAPL,0.04,586879747.0,91764131491.9853
100258,2017-08-08,037833100,US0378331005,AAPL,0.05,589395068.0,93326841624.825
100258,2017-08-09,037833100,US0378331005,AAPL,0.06,591164879.0,94547329547.5486
100258,2017-08-10,037833100,US0378331005,AAPL,0.08,591520782.0,94527477533.9368
100258,2017-08-11,037833100,US0378331005,AAPL,0.13,592400820.0,92311251288.6216
100258,2017-08-14,037833100,US0378331005,AAPL,0.32,597091102.0,94068798351.2156
100258,2017-08-15,037833100,US0378331005,AAPL,0.06,606013170.0,96660982429.9152
100258,2017-08-16,037833100,US0378331005,AAPL,0.06,605935434.0,97449527448.9951
100258,2017-08-17,037833100,US0378331005,AAPL,0.07,605805096.0,97401017145.0178
100258,2017-08-18,037833100,US0378331005,AAPL,0.17,605352628.0,96124866244.0084
100258,2017-08-21,037833100,US0378331005,AAPL,0.14,605114489.0,95402188160.8417
100258,2017-08-22,037833100,US0378331005,AAPL,0.19,609702111.0,96188519410.6696
100258,2017-08-23,037833100,US0378331005,AAPL,0.23,610083431.0,97117544085.421
100258,2017-08-24,037833100,US0378331005,AAPL,0.26,609293126.0,97444993585.5598
100258,2017-08-25,037833100,US0378331005,AAPL,0.2,606723830.0,96872870641.6542
100258,2017-08-28,037833100,US0378331005,AAPL,0.19,606255628.0,96977048226.2579
100258,2017-08-29,037833100,US0378331005,AAPL,1.49,605762026.0,97708416796.9896
100258,2017-08-30,037833100,US0378331005,AAPL,0.66,604960423.0,98410635401.9976
100258,2017-08-31,037833100,US0378331005,AAPL,0.32,603897874.0,98659744400.416
100258,2017-09-01,037833100,US0378331005,AAPL,0.29,603594873.0,98913199701.3999
100258,2017-09-04,037833100,US0378331005,AAPL,0.26,603594873.0,98913199701.3999
100258,2017-09-05,037833100,US0378331005,AAPL,0.23,604352304.0,98986770334.1859
100258,2017-09-06,037833100,US0378331005,AAPL,0.21,603771526.0,98248312230.0076
100258,2017-09-07,037833100,US0378331005,AAPL,0.22,602533095.0,97594743674.0861
100258,2017-09-08,037833100,US0378331005,AAPL,0.21,603397895.0,97273100851.6511
100258,2017-09-11,037833100,US0378331005,AAPL,0.19,602643283.0,96390221321.9859
100258,2017-09-12,037833100,US0378331005,AAPL,0.13,601660297.0,96672648141.9323
100258,2017-09-13,037833100,US0378331005,AAPL,0.08,601045656.0,96744124209.7335
100258,2017-09-14,037833100,US0378331005,AAPL,0.12,599849921.0,95915496603.4443
100258,2017-09-15,037833100,US0378331005,AAPL,0.12,600128430.0,95440645361.8132
100258,2017-09-18,037833100,US0378331005,AAPL,0.12,599277114.0,95496428716.998
100258,2017-09-19,037833100,US0378331005,AAPL,0.14,598819620.0,95284550429.315
100258,2017-09-20,037833100,US0378331005,AAPL,0.06,599632177.0,94984788823.5342
100258,2017-09-21,037833100,US0378331005,AAPL,0.06,599877238.0,93942462410.4452
100258,2017-09-22,037833100,US0378331005,AAPL,0.39,598865861.0,92548933818.9195
100258,2017-09-25,037833100,US0378331005,AAPL,0.1,597706894.0,91027564975.9652
100258,2017-09-26,037833100,US0378331005,AAPL,0.06,597926194.0,90627808340.3293
100258,2017-09-27,037833100,US0378331005,AAPL,0.07,597887927.0,91384546451.8702
100258,2017-09-28,037833100,US0378331005,AAPL,0.03,597263203.0,91901381403.7079
100258,2017-09-29,037833100,US0378331005,AAPL,0.01,597200531.0,91849859781.1665
100258,2017-10-02,037833100,US0378331005,AAPL,0.01,598419098.0,92148347051.3013
100258,2017-10-03,037833100,US0378331005,AAPL,0.1,595561116.0,91807821239.6709
100258,2017-10-04,037833100,US0378331005,AAPL,0.01,586683438.0,90510925514.5181
100258,2017-10-05,037833100,US0378331005,AAPL,0.04,597467705.0,92072537575.4469
100258,2017-10-06,037833100,US0378331005,AAPL,0.05,597949743.0,92661086437.3345
100258,2017-10-09,037833100,US0378331005,AAPL,0.06,577367522.0,89733495240.9222
100258,2017-10-10,037833100,US0378331005,AAPL,0.01,595867462.0,92763147768.6075
100258,2017-10-11,037833100,US0378331005,AAPL,0.06,596649298.0,93105444604.5816
100258,2017-10-12,037833100,US0378331005,AAPL,0.06,596897289.0,93424012377.1215
100258,2017-10-13,037833100,US0378331005,AAPL,0.01,596287844.0,93324840306.0069
100258,2017-10-16,037833100,US0378331005,AAPL,0.01,594924289.0,93678975886.384
100258,2017-10-17,037833100,US0378331005,AAPL,0.01,595343505.0,94953362105.6627
100258,2017-10-18,037833100,US0378331005,AAPL,0.01,595677158.0,95437625861.2735
100258,2017-10-19,037833100,US0378331005,AAPL,0.04,595885419.0,95130457750.3361
100258,2017-10-20,037833100,US0378331005,AAPL,0.02,596932308.0,93873124907.7402
100258,2017-10-23,037833100,US0378331005,AAPL,0.1,596620979.0,93318862396.0915
100258,2017-10-24,037833100,US0378331005,AAPL,0.14,595843699.0,93290365530.184
100258,2017-10-25,037833100,US0378331005,AAPL,0.03,595919920.0,93545236607.9545
100258,2017-10-26,037833100,US0378331005,AAPL,0.01,595243503.0,93437802017.8283
100258,2017-10-27,037833100,US0378331005,AAPL,0.01,595200264.0,93834958998.9693
100258,2017-10-30,037833100,US0378331005,AAPL,0.02,593783131.0,96943537924.0298
100258,2017-10-31,037833100,US0378331005,AAPL,0.02,592962079.0,98426884560.8011
100258,2017-11-01,037833100,US0378331005,AAPL,0.04,593585344.0,99846874135.8754
100258,2017-11-02,037833100,US0378331005,AAPL,0.03,593736357.0,99626859644.5502
100258,2017-11-03,037833100,US0378331005,AAPL,0.02,587466918.0,99048243271.9046
100258,2017-11-06,037833100,US0378331005,AAPL,0.04,579430122.0,99498260036.1928
100258,2017-11-07,037833100,US0378331005,AAPL,0.12,578203868.0,100567637713.0566
100258,2017-11-08,037833100,US0378331005,AAPL,0.08,613528396.0,107417578975.411
100258,2017-11-09,037833100,US0378331005,AAPL,0.12,613955270.0,108101141598.7163
100258,2017-11-10,037833100,US0378331005,AAPL,0.04,615777344.0,108279983411.0948
100258,2017-11-13,037833100,US0378331005,AAPL,0.12,621632400.0,108711775027.7788
100258,2017-11-14,037833100,US0378331005,AAPL,0.48,635287565.0,110416391101.0408
100258,2017-11-15,037833100,US0378331005,AAPL,0.04,634806770.0,109014491547.8628
100258,2017-11-16,037833100,US0378331005,AAPL,0.0,632864190.0,107603214198.6364
100258,2017-11-17,037833100,US0378331005,AAPL,0.02,632637626.0,107876640502.3902
100258,2017-11-20,037833100,US0378331005,AAPL,0.01,634469099.0,108127429646.1496
100258,2017-11-21,037833100,US0378331005,AAPL,0.01,634386593.0,108207920839.9881
100258,2017-11-22,037833100,US0378331005,AAPL,0.03,629801025.0,108730960084.6212
100258,2017-11-23,037833100,US0378331005,AAPL,0.03,627825588.0,109323010895.1394
100258,2017-11-24,037833100,US0378331005,AAPL,0.01,634158687.0,111021007416.8943
100258,2017-11-27,037833100,US0378331005,AAPL,0.02,616369727.0,107832064176.7359
100258,2017-11-28,037833100,US0378331005,AAPL,0.02,607853998.0,105916259680.7044
100258,2017-11-29,037833100,US0378331005,AAPL,0.03,607415943.0,105040553156.7897
100258,2017-11-30,037833100,US0378331005,AAPL,0.01,608119596.0,103855366117.4221
100258,2017-12-01,037833100,US0378331005,AAPL,1.13,607480599.0,104035306190.0788
100258,2017-12-04,037833100,US0378331005,AAPL,0.49,601405071.0,102958136516.3255
100258,2017-12-05,037833100,US0378331005,AAPL,0.52,605172932.0,102999581139.9906
100258,2017-12-06,037833100,US0378331005,AAPL,0.47,603676481.0,102453758024.9789
100258,2017-12-07,037833100,US0378331005,AAPL,0.54,602788277.0,102003058725.2104
100258,2017-12-08,037833100,US0378331005,AAPL,0.54,602496187.0,102035566960.4773
100258,2017-12-11,037833100,US0378331005,AAPL,0.52,601613114.0,102257974054.8577
100258,2017-12-12,037833100,US0378331005,AAPL,0.47,601646195.0,103056777329.9265
100258,2017-12-13,037833100,US0378331005,AAPL,0.54,600533441.0,103216246990.6262
100258,2017-12-14,037833100,US0378331005,AAPL,0.42,599948648.0,103259081963.2016
100258,2017-12-15,037833100,US0378331005,AAPL,0.43,599481402.0,103501330020.0854
100258,2017-12-18,037833100,US0378331005,AAPL,0.49,609777823.0,106101758895.5364
100258,2017-12-19,037833100,US0378331005,AAPL,0.43,629140460.0,110496300184.693
100258,2017-12-20,037833100,US0378331005,AAPL,0.36,629559304.0,110168298517.6968
100258,2017-12-21,037833100,US0378331005,AAPL,0.33,628672383.0,109696009439.1875
100258,2017-12-22,037833100,US0378331005,AAPL,0.32,628317113.0,109782756226.8727
100258,2017-12-25,037833100,US0378331005,AAPL,0.32,628318882.0,109867048748.4608
100258,2017-12-26,037833100,US0378331005,AAPL,0.32,628269837.0,109567230461.0708
100258,2017-12-27,037833100,US0378331005,AAPL,0.14,627452735.0,107188630502.3295
100258,2017-12-28,037833100,US0378331005,AAPL,0.33,626253995.0,106944032590.6757
100258,2017-12-29,037833100,US0378331005,AAPL,0.19,629313634.0,107476765382.7314
100258,2018-01-01,037833100,US0378331005,AAPL,0.19,629682696.0,107222010310.2019
100258,2018-01-02,037833100,US0378331005,AAPL,0.16,629586837.0,107071969677.696
100258,2018-01-03,037833100,US0378331005,AAPL,0.15,630330349.0,108129049419.991
100258,2018-01-04,037833100,US0378331005,AAPL,0.19,631757222.0,108872564467.5321
100258,2018-01-05,037833100,US0378331005,AAPL,0.27,630185593.0,109100688836.696
100258,2018-01-08,037833100,US0378331005,AAPL,0.23,630948921.0,110289123338.039
100258,2018-01-09,037833100,US0378331005,AAPL,0.22,630173967.0,109993366575.8647
100258,2018-01-10,037833100,US0378331005,AAPL,0.17,628876436.0,109637240596.2093
100258,2018-01-11,037833100,US0378331005,AAPL,0.2,628119899.0,109575705867.2672
100258,2018-01-12,037833100,US0378331005,AAPL,0.18,626630295.0,109742684293.7019
100258,2018-01-15,037833100,US0378331005,AAPL,0.18,626031618.0,110324039738.3921
100258,2018-01-16,037833100,US0378331005,AAPL,0.17,623101058.0,110257349862.3353
100258,2018-01-17,037833100,US0378331005,AAPL,0.14,622234180.0,110029926364.8527
100258,2018-01-18,037833100,US0378331005,AAPL,0.21,621211810.0,110882447258.4212
100258,2018-01-19,037833100,US0378331005,AAPL,0.18,621791917.0,111406831350.4767
100258,2018-01-22,037833100,US0378331005,AAPL,0.15,620750853.0,110771819456.2958
100258,2018-01-23,037833100,US0378331005,AAPL,0.19,620708736.0,110127730983.7027
100258,2018-01-24,037833100,US0378331005,AAPL,0.18,620154490.0,109581354543.5066
100258,2018-01-25,037833100,US0378331005,AAPL,0.18,618259346.0,107890539309.5231
100258,2018-01-26,037833100,US0378331005,AAPL,0.18,617422860.0,106150128392.332
100258,2018-01-29,037833100,US0378331005,AAPL,0.16,616481817.0,105410978896.4226
100258,2018-01-30,037833100,US0378331005,AAPL,0.11,615956704.0,103980254013.0418
100258,2018-01-31,037833100,US0378331005,AAPL,0.03,615013851.0,102899147106.9434
100258,2018-02-01,037833100,US0378331005,AAPL,0.17,613494584.0,102713377261.2263
100258,2018-02-02,037833100,US0378331005,AAPL,0.13,595589350.0,99302911319.298
100258,2018-02-05,037833100,US0378331005,AAPL,0.18,594581849.0,96169208370.9817
100258,2018-02-06,037833100,US0378331005,AAPL,0.3,592613819.0,93845027608.3583
100258,2018-02-07,037833100,US0378331005,AAPL,0.09,591579210.0,95257482518.8324
100258,2018-02-08,037833100,US0378331005,AAPL,0.1,591989432.0,94605728200.739
100258,2018-02-09,037833100,US0378331005,AAPL,0.13,591280596.0,92916948152.2563
100258,2018-02-12,037833100,US0378331005,AAPL,0.63,599870389.0,94170368839.504
100258,2018-02-13,037833100,US0378331005,AAPL,0.19,610912233.0,98654322849.5445
100258,2018-02-14,037833100,US0378331005,AAPL,0.38,611098974.0,100457703927.4882
100258,2018-02-15,037833100,US0378331005,AAPL,0.42,610193327.0,102169239829.0072
100258,2018-02-16,037833100,US0378331005,AAPL,0.62,608833600.0,104487511754.0088
100258,2018-02-19,037833100,US0378331005,AAPL,0.62,609527315.0,105252520743.7554
100258,2018-02-20,037833100,US0378331005,AAPL,0.44,607257284.0,104679433868.8006
100258,2018-02-21,037833100,US0378331005,AAPL,0.25,606858416.0,104301024665.7381
100258,2018-02-22,037833100,US0378331005,AAPL,0.16,605001502.0,103798972486.7556
100258,2018-02-23,037833100,US0378331005,AAPL,0.18,604218962.0,104296906854.5458
100258,2018-02-26,037833100,US0378331005,AAPL,0.26,603298484.0,105803464253.375
100258,2018-02-27,037833100,US0378331005,AAPL,0.21,602755818.0,107354241718.7842
100258,2018-02-28,037833100,US0378331005,AAPL,0.36,601372395.0,107390549823.8035
100258,2018-03-01,037833100,US0378331005,AAPL,0.18,605453868.0,107620639017.5534
100258,2018-03-02,037833100,US0378331005,AAPL,0.5,602748710.0,106110510926.1779
100258,2018-03-05,037833100,US0378331005,AAPL,0.51,604299201.0,106383361294.3348
100258,2018-03-06,037833100,US0378331005,AAPL,0.45,604336218.0,106773708093.2563
100258,2018-03-07,037833100,US0378331005,AAPL,0.43,606666856.0,107098527448.8076
100258,2018-03-08,037833100,US0378331005,AAPL,0.46,606518440.0,106570141030.7903
100258,2018-03-09,037833100,US0378331005,AAPL,0.66,599545881.0,106093154414.5142
100258,2018-03-12,037833100,US0378331005,AAPL,0.63,600485681.0,107786549722.2187
100258,2018-03-13,037833100,US0378331005,AAPL,0.51,595153772.0,107790579221.0822
100258,2018-03-14,037833100,US0378331005,AAPL,0.6,594600257.0,107200085368.0407
100258,2018-03-15,037833100,US0378331005,AAPL,0.6,589545836.0,105459004676.9362
100258,2018-03-16,037833100,US0378331005,AAPL,0.51,588725704.0,105138833980.5428
100258,2018-03-19,037833100,US0378331005,AAPL,0.49,601045597.0,106877261765.214
100258,2018-03-20,037833100,US0378331005,AAPL,0.21,599899340.0,105572614878.2152
100258,2018-03-21,037833100,US0378331005,AAPL,0.32,601505879.0,105105595570.2506
100258,2018-03-22,037833100,US0378331005,AAPL,0.21,600540141.0,103278486528.4143
100258,2018-03-23,037833100,US0378331005,AAPL,0.19,600066995.0,101362919026.5563
100258,2018-03-26,037833100,US0378331005,AAPL,0.39,598940690.0,100094078940.8914
100258,2018-03-27,037833100,US0378331005,AAPL,0.25,598073689.0,101823747598.765
100258,2018-03-28,037833100,US0378331005,AAPL,0.28,597468115.0,101175634882.0661
100258,2018-03-29,037833100,US0378331005,AAPL,0.33,596170193.0,99663600533.6725
100258,2018-03-30,037833100,US0378331005,AAPL,0.35,596081814.0,99671325136.0325
100258,2018-04-02,037833100,US0378331005,AAPL,0.26,597200230.0,100164640803.3942
100258,2018-04-03,037833100,US0378331005,AAPL,0.3,597635561.0,99994755508.7835
100258,2018-04-04,037833100,US0378331005,AAPL,0.3,595480140.0,100366615304.1118
100258,2018-04-05,037833100,US0378331005,AAPL,0.26,595805302.0,101881454649.6962
100258,2018-04-06,037833100,US0378331005,AAPL,0.3,595994136.0,102434211573.8634
100258,2018-04-09,037833100,US0378331005,AAPL,0.25,594988763.0,100935836023.3246
100258,2018-04-10,037833100,US0378331005,AAPL,0.23,595130651.0,101271509015.8364
100258,2018-04-11,037833100,US0378331005,AAPL,0.22,595007989.0,102562919081.822
100258,2018-04-12,037833100,US0378331005,AAPL,0.23,594570752.0,102872180604.6375
100258,2018-04-13,037833100,US0378331005,AAPL,0.22,594562789.0,103470157731.5131
100258,2018-04-16,037833100,US0378331005,AAPL,0.22,591846563.0,103430217143.2722
100258,2018-04-17,037833100,US0378331005,AAPL,0.22,592552626.0,104187221306.625
100258,2018-04-18,037833100,US0378331005,AAPL,0.23,593905805.0,105739379497.9574
100258,2018-04-19,037833100,US0378331005,AAPL,0.27,593924432.0,105227583340.8582
100258,2018-04-20,037833100,US0378331005,AAPL,0.26,597295020.0,103319575632.9743
100258,2018-04-23,037833100,US0378331005,AAPL,0.32,596773517.0,100071120414.3622
100258,2018-04-24,037833100,US0378331005,AAPL,0.43,598181917.0,98787594503.0785
100258,2018-04-25,037833100,US0378331005,AAPL,0.44,597728685.0,97874323457.8834
100258,2018-04-26,037833100,US0378331005,AAPL,0.46,597582905.0,97809499157.0689
100258,2018-04-27,037833100,US0378331005,AAPL,0.39,600616920.0,98396101811.5245
100258,2018-04-30,037833100,US0378331005,AAPL,0.39,598817648.0,97643589260.1577
100258,2018-05-01,037833100,US0378331005,AAPL,0.35,587447194.0,96583544461.7305
100258,2018-05-02,037833100,US0378331005,AAPL,0.45,488243666.0,82591185248.6268
100258,2018-05-03,037833100,US0378331005,AAPL,0.31,578094540.0,101129464266.0796
100258,2018-05-04,037833100,US0378331005,AAPL,0.11,576837966.0,102222674703.7855
100258,2018-05-07,037833100,US0378331005,AAPL,0.1,578223895.0,105413974621.517
100258,2018-05-08,037833100,US0378331005,AAPL,0.15,578303914.0,106138350020.982
100258,2018-05-09,037833100,US0378331005,AAPL,0.17,579683384.0,107898246648.4355
100258,2018-05-10,037833100,US0378331005,AAPL,0.37,582675358.0,108758965433.2798
100258,2018-05-11,037833100,US0378331005,AAPL,0.3,580822297.0,109931338651.0003
100258,2018-05-14,037833100,US0378331005,AAPL,0.54,588449976.0,111216355107.4797
100258,2018-05-15,037833100,US0378331005,AAPL,0.33,647786723.0,121858714815.6894
100258,2018-05-16,037833100,US0378331005,AAPL,0.14,646501459.0,121005130855.3158
100258,2018-05-17,037833100,US0378331005,AAPL,0.15,645904003.0,121211437193.0022
100258,2018-05-18,037833100,US0378331005,AAPL,0.11,645221755.0,120761766953.1578
100258,2018-05-21,037833100,US0378331005,AAPL,0.11,649070047.0,121234586792.0036
100258,2018-05-22,037833100,US0378331005,AAPL,0.13,649535907.0,121580167807.9655
100258,2018-05-23,037833100,US0378331005,AAPL,0.12,647650635.0,121425553066.463
100258,2018-05-24,037833100,US0378331005,AAPL,0.12,647736372.0,121874568700.4636
100258,2018-05-25,037833100,US0378331005,AAPL,0.11,647221840.0,121910046759.9112
100258,2018-05-28,037833100,US0378331005,AAPL,0.12,647736372.0,121874568700.4636
100258,2018-05-29,037833100,US0378331005,AAPL,0.21,646394733.0,121838152380.4654
100258,2018-05-30,037833100,US0378331005,AAPL,0.09,646164829.0,121443202430.3319
100258,2018-05-31,037833100,US0378331005,AAPL,0.09,644463278.0,120961433852.8105
100258,2018-06-01,037833100,US0378331005,AAPL,0.07,643136851.0,120658794460.174
100258,2018-06-04,037833100,US0378331005,AAPL,0.07,645504543.0,122272858720.7063
100258,2018-06-05,037833100,US0378331005,AAPL,0.13,642891034.0,123288669276.0048
100258,2018-06-06,037833100,US0378331005,AAPL,0.14,641828511.0,124021637874.9809
100258,2018-06-07,037833100,US0378331005,AAPL,0.15,634273817.0,122987849248.5277
100258,2018-06-08,037833100,US0378331005,AAPL,0.11,633964956.0,122671607572.8434
100258,2018-06-11,037833100,US0378331005,AAPL,0.09,642546799.0,123481925382.0065
100258,2018-06-12,037833100,US0378331005,AAPL,0.02,642249634.0,123068403002.2253
100258,2018-06-13,037833100,US0378331005,AAPL,0.01,643276122.0,123492779437.7552
100258,2018-06-14,037833100,US0378331005,AAPL,0.04,642161786.0,122767883265.0136
100258,2018-06-15,037833100,US0378331005,AAPL,0.02,608680725.0,116020503179.186
100258,2018-06-18,037833100,US0378331005,AAPL,0.15,604731114.0,114338353885.389
100258,2018-06-19,037833100,US0378331005,AAPL,0.03,603365745.0,113661907069.8976
100258,2018-06-20,037833100,US0378331005,AAPL,0.02,600790314.0,112121185202.7596
100258,2018-06-21,037833100,US0378331005,AAPL,0.05,601901288.0,112113692840.3124
100258,2018-06-22,037833100,US0378331005,AAPL,0.04,600295254.0,111371262964.9086
100258,2018-06-25,037833100,US0378331005,AAPL,0.06,626642250.0,115773940736.7526
100258,2018-06-26,037833100,US0378331005,AAPL,0.09,628346427.0,115098974518.0884
100258,2018-06-27,037833100,US0378331005,AAPL,0.11,629679647.0,115841878785.5506
100258,2018-06-28,037833100,US0378331005,AAPL,0.1,633727491.0,116901837620.2534
100258,2018-06-29,037833100,US0378331005,AAPL,0.09,633483543.0,117329836913.3528
